Page,Type,Template,Parent category,URL,Primary topic,Search intent,Content status,Related pages,CTA,Priority
"Homepage","Hub","HomePage","Main","/","Homepage","Brand / commercial","Published","","Join our waitlist","P1"
"Platform overview","Hub","HubPage","Platform","/platform/","Platform overview","Commercial","Published","","Join our waitlist","P1"
"All capabilities","Hub","HubPage","Capabilities","/features/","All capabilities","Informational","Published","","Join our waitlist","P2"
"All solutions","Hub","HubPage","Solutions","/solutions/","All solutions","Commercial","Published","","Talk to an expert","P1"
"All industries","Hub","HubPage","Industries","/industries/","All industries","Commercial","Published","","Talk to an expert","P2"
"All use cases","Hub","HubPage","Use cases","/use-cases/","All use cases","Informational","Published","","Join our waitlist","P3"
"All channels","Hub","HubPage","Channels","/channels/","All channels","Informational","Published","","Join our waitlist","P2"
"Asset library","Hub","HubPage","Asset library","/asset-types/","Asset library","Informational","Published","","Join our waitlist","P3"
"All comparisons","Hub","HubPage","Compare","/compare/","All comparisons","Commercial investigation","Published","","Talk to an expert","P2"
"All resources","Hub","HubPage","Resources","/resources/","All resources","Informational","Published","","Join our waitlist","P2"
"Blog index","Hub","HubPage","Blog","/blog/","Blog index","Informational","Published","","Join our waitlist","P2"
"Glossary index","Hub","HubPage","Glossary","/glossary/","Glossary index","Informational","Published","","Join our waitlist","P3"
"Contact","Hub","ContactPage","Main","/contact/","Contact","Navigational / commercial","Published","","Send enquiry","P1"
"Get started","Hub","ConversionPage","Main","/get-started/","Get started","Transactional","Published","","Join our waitlist","P1"
"Sitemap","Hub","SitemapPage","Main","/sitemap/","Sitemap","Navigational","Published","","None","P3"
"Marketing Engine","Product","ProductPage","Platform","/platform/marketing-engine/","Marketing Engine","Commercial","Published","launch-a-new-product; build-a-marketing-system; fix-inconsistent-posting","Join our waitlist","P1"
"Content Studio","Product","ProductPage","Platform","/platform/content-studio/","Content Studio","Commercial","Published","fix-inconsistent-posting; scale-content-without-hiring; build-a-content-engine","Join our waitlist","P1"
"Campaign Lab","Product","ProductPage","Platform","/platform/campaign-lab/","Campaign Lab","Commercial","Published","launch-a-new-product; run-a-seasonal-promotion; generate-qualified-leads","Join our waitlist","P1"
"Lead Nurturing","Product","ProductPage","Platform","/platform/lead-nurturing/","Lead Nurturing","Commercial","Published","generate-qualified-leads; shorten-the-sales-cycle; recover-cold-leads","Join our waitlist","P1"
"Growth Signal","Product","ProductPage","Platform","/platform/growth-signal/","Growth Signal","Commercial","Published","build-a-marketing-system; fix-inconsistent-posting; prove-marketing-roi","Join our waitlist","P1"
"Business Brief","Feature","FeaturePage","Capabilities","/features/business-brief/","Capture the business in a guided questionnaire","Informational / commercial","Published","positioning-generator; audience-segments; competitor-context","Join our waitlist","P2"
"Positioning Generator","Feature","FeaturePage","Capabilities","/features/positioning-generator/","Turn what you sell into a claim people can repeat","Informational / commercial","Published","audience-segments; offer-architecture; voice-profile","Join our waitlist","P2"
"Audience Segments","Feature","FeaturePage","Capabilities","/features/audience-segments/","Split the market only where the message has to change","Informational / commercial","Published","positioning-generator; intent-segmentation; objection-mapping","Join our waitlist","P2"
"Channel Ranking","Feature","FeaturePage","Capabilities","/features/channel-ranking/","Commit to a primary, a secondary and one experiment","Informational / commercial","Published","seasonality-planning; channel-attribution; annual-calendar","Join our waitlist","P2"
"365-Day Calendar","Feature","FeaturePage","Capabilities","/features/annual-calendar/","Decide the year once, not every morning","Informational / commercial","Published","campaign-themes; seasonality-planning; content-briefs","Join our waitlist","P2"
"Campaign Themes","Feature","FeaturePage","Capabilities","/features/campaign-themes/","Give each month a single argument to make","Informational / commercial","Published","annual-calendar; campaign-briefs; content-briefs","Join our waitlist","P2"
"Offer Architecture","Feature","FeaturePage","Capabilities","/features/offer-architecture/","Build the ladder from free to core offer","Informational / commercial","Published","positioning-generator; lead-magnet-builder; lead-scoring-model","Join our waitlist","P2"
"Competitor Context","Feature","FeaturePage","Capabilities","/features/competitor-context/","Know the conversation you are entering","Informational / commercial","Published","positioning-generator; audience-segments; channel-ranking","Join our waitlist","P2"
"Seasonality Planning","Feature","FeaturePage","Capabilities","/features/seasonality-planning/","Plan around the months that actually behave differently","Informational / commercial","Published","annual-calendar; promotional-calendars; channel-ranking","Join our waitlist","P2"
"Asset Library","Feature","FeaturePage","Capabilities","/features/asset-library/","Over a hundred defined formats, each with its own anatomy","Informational / commercial","Published","carousel-builder; short-form-scripts; repurposing-engine","Join our waitlist","P2"
"Voice Profile","Feature","FeaturePage","Capabilities","/features/voice-profile/","Hold one voice across a year of output","Informational / commercial","Published","editorial-guardrails; positioning-generator; hook-writer","Join our waitlist","P2"
"Hook Writer","Feature","FeaturePage","Capabilities","/features/hook-writer/","Earn the second line","Informational / commercial","Published","short-form-scripts; email-copywriting; voice-profile","Join our waitlist","P2"
"Long-Form Drafting","Feature","FeaturePage","Capabilities","/features/long-form-drafting/","Articles and landing pages that hold an argument","Informational / commercial","Published","content-briefs; landing-page-copy; repurposing-engine","Join our waitlist","P2"
"Short-Form Scripts","Feature","FeaturePage","Capabilities","/features/short-form-scripts/","Timed scripts with on-screen text and beats","Informational / commercial","Published","hook-writer; carousel-builder; repurposing-engine","Join our waitlist","P2"
"Carousel Builder","Feature","FeaturePage","Capabilities","/features/carousel-builder/","Plan frame by frame, with a reason to swipe","Informational / commercial","Published","asset-library; short-form-scripts; content-briefs","Join our waitlist","P2"
"Email Copywriting","Feature","FeaturePage","Capabilities","/features/email-copywriting/","Subject, preview and body written as one unit","Informational / commercial","Published","sequence-builder; hook-writer; objection-mapping","Join our waitlist","P2"
"Lead Magnet Builder","Feature","FeaturePage","Capabilities","/features/lead-magnet-builder/","Build the thing worth an email address","Informational / commercial","Published","offer-architecture; sequence-builder; landing-page-copy","Join our waitlist","P2"
"Repurposing Engine","Feature","FeaturePage","Capabilities","/features/repurposing-engine/","One idea, worked properly across formats","Informational / commercial","Published","asset-library; long-form-drafting; annual-calendar","Join our waitlist","P2"
"Batch Approval","Feature","FeaturePage","Capabilities","/features/batch-approval/","Review a month in one sitting","Informational / commercial","Published","voice-profile; editorial-guardrails; content-briefs","Join our waitlist","P2"
"Content Briefs","Feature","FeaturePage","Capabilities","/features/content-briefs/","Turn a calendar slot into a writable brief","Informational / commercial","Published","annual-calendar; batch-approval; long-form-drafting","Join our waitlist","P2"
"Editorial Guardrails","Feature","FeaturePage","Capabilities","/features/editorial-guardrails/","Stop the model claiming things you cannot back","Informational / commercial","Published","voice-profile; batch-approval; competitor-context","Join our waitlist","P2"
"Campaign Briefs","Feature","FeaturePage","Capabilities","/features/campaign-briefs/","Force the four decisions a campaign depends on","Informational / commercial","Published","channel-sequencing; decision-rules; campaign-retrospectives","Join our waitlist","P2"
"Channel Sequencing","Feature","FeaturePage","Capabilities","/features/channel-sequencing/","Decide which channel carries which stage","Informational / commercial","Published","campaign-briefs; channel-ranking; promotional-calendars","Join our waitlist","P2"
"Launch Checklists","Feature","FeaturePage","Capabilities","/features/launch-checklists/","Nothing launches with a missing landing page","Informational / commercial","Published","campaign-briefs; landing-page-copy; decision-rules","Join our waitlist","P2"
"Landing Page Copy","Feature","FeaturePage","Capabilities","/features/landing-page-copy/","One page, one decision","Informational / commercial","Published","ad-concepting; lead-magnet-builder; long-form-drafting","Join our waitlist","P2"
"Ad Concepting","Feature","FeaturePage","Capabilities","/features/ad-concepting/","Concepts and copy, tested against the same claim","Informational / commercial","Published","landing-page-copy; campaign-briefs; decision-rules","Join our waitlist","P2"
"Promotional Calendars","Feature","FeaturePage","Capabilities","/features/promotional-calendars/","Keep offers from stacking on the same audience","Informational / commercial","Published","seasonality-planning; channel-sequencing; offer-architecture","Join our waitlist","P2"
"Decision Rules","Feature","FeaturePage","Capabilities","/features/decision-rules/","Agree when to push, change or cut before you launch","Informational / commercial","Published","campaign-retrospectives; funnel-diagnostics; campaign-briefs","Join our waitlist","P2"
"Campaign Retrospectives","Feature","FeaturePage","Capabilities","/features/campaign-retrospectives/","Score the campaign against what it promised","Informational / commercial","Published","decision-rules; experiment-log; campaign-briefs","Join our waitlist","P2"
"Intent Segmentation","Feature","FeaturePage","Capabilities","/features/intent-segmentation/","Split the list by what people actually did","Informational / commercial","Published","lead-scoring-model; audience-segments; sequence-builder","Join our waitlist","P2"
"Sequence Builder","Feature","FeaturePage","Capabilities","/features/sequence-builder/","Write the whole follow-up, not the first message","Informational / commercial","Published","objection-mapping; cadence-planning; whatsapp-sequences","Join our waitlist","P2"
"Objection Mapping","Feature","FeaturePage","Capabilities","/features/objection-mapping/","Assign one objection to every message","Informational / commercial","Published","sequence-builder; audience-segments; sales-handoff-notes","Join our waitlist","P2"
"Cadence Planning","Feature","FeaturePage","Capabilities","/features/cadence-planning/","Match the follow-up rhythm to the decision","Informational / commercial","Published","sequence-builder; promotional-calendars; list-hygiene","Join our waitlist","P2"
"Re-engagement Flows","Feature","FeaturePage","Capabilities","/features/reengagement-flows/","Work the leads you already paid for","Informational / commercial","Published","list-hygiene; sequence-builder; intent-segmentation","Join our waitlist","P2"
"WhatsApp Sequences","Feature","FeaturePage","Capabilities","/features/whatsapp-sequences/","Write for a notification, not an inbox","Informational / commercial","Published","sequence-builder; cadence-planning; objection-mapping","Join our waitlist","P2"
"Sales Handoff Notes","Feature","FeaturePage","Capabilities","/features/sales-handoff-notes/","Arrive at the call already informed","Informational / commercial","Published","lead-scoring-model; objection-mapping; intent-segmentation","Join our waitlist","P2"
"Lead Scoring Model","Feature","FeaturePage","Capabilities","/features/lead-scoring-model/","Score on behaviour that predicts buying","Informational / commercial","Published","intent-segmentation; sales-handoff-notes; funnel-diagnostics","Join our waitlist","P2"
"List Hygiene","Feature","FeaturePage","Capabilities","/features/list-hygiene/","Protect the ability to reach the people who want to hear from you","Informational / commercial","Published","reengagement-flows; cadence-planning; seasonality-planning","Join our waitlist","P2"
"Metric Selection","Feature","FeaturePage","Capabilities","/features/metric-selection/","Choose the few numbers worth watching","Informational / commercial","Published","review-cadence; reporting-templates; funnel-diagnostics","Join our waitlist","P2"
"Review Cadence","Feature","FeaturePage","Capabilities","/features/review-cadence/","Three reviews, three different questions","Informational / commercial","Published","metric-selection; experiment-log; reporting-templates","Join our waitlist","P2"
"Channel Attribution","Feature","FeaturePage","Capabilities","/features/channel-attribution/","Enough attribution to make the next decision","Informational / commercial","Published","channel-ranking; funnel-diagnostics; metric-selection","Join our waitlist","P2"
"Funnel Diagnostics","Feature","FeaturePage","Capabilities","/features/funnel-diagnostics/","Find which step is actually leaking","Informational / commercial","Published","channel-attribution; lead-scoring-model; content-performance","Join our waitlist","P2"
"Content Performance","Feature","FeaturePage","Capabilities","/features/content-performance/","Judge content by the job it was given","Informational / commercial","Published","content-briefs; funnel-diagnostics; experiment-log","Join our waitlist","P2"
"Experiment Log","Feature","FeaturePage","Capabilities","/features/experiment-log/","Stop re-running experiments you already ran","Informational / commercial","Published","review-cadence; campaign-retrospectives; content-performance","Join our waitlist","P2"
"Reporting Templates","Feature","FeaturePage","Capabilities","/features/reporting-templates/","Report in a page, in the same shape every time","Informational / commercial","Published","metric-selection; review-cadence; campaign-retrospectives","Join our waitlist","P2"
"Build a Marketing System","Solution","SolutionPage","Solutions","/solutions/build-a-marketing-system/","Build a Marketing System","Commercial","Published","marketing-engine; content-studio; growth-signal","Talk it through","P1"
"Fix Inconsistent Posting","Solution","SolutionPage","Solutions","/solutions/fix-inconsistent-posting/","Fix Inconsistent Posting","Commercial","Published","marketing-engine; content-studio; creator-economy","Talk it through","P1"
"Scale Content Without Hiring","Solution","SolutionPage","Solutions","/solutions/scale-content-without-hiring/","Scale Content Without Hiring","Commercial","Published","content-studio; marketing-engine; ecommerce","Talk it through","P1"
"Build a Content Engine","Solution","SolutionPage","Solutions","/solutions/build-a-content-engine/","Build a Content Engine","Commercial","Published","content-studio; marketing-engine; growth-signal","Talk it through","P1"
"Launch a New Product","Solution","SolutionPage","Solutions","/solutions/launch-a-new-product/","Launch a New Product","Commercial","Published","campaign-lab; content-studio; lead-nurturing","Talk it through","P1"
"Run a Seasonal Promotion","Solution","SolutionPage","Solutions","/solutions/run-a-seasonal-promotion/","Run a Seasonal Promotion","Commercial","Published","campaign-lab; marketing-engine; ecommerce","Talk it through","P1"
"Generate Qualified Leads","Solution","SolutionPage","Solutions","/solutions/generate-qualified-leads/","Generate Qualified Leads","Commercial","Published","lead-nurturing; marketing-engine; campaign-lab","Talk it through","P1"
"Shorten the Sales Cycle","Solution","SolutionPage","Solutions","/solutions/shorten-the-sales-cycle/","Shorten the Sales Cycle","Commercial","Published","lead-nurturing; campaign-lab; b2b-services","Talk it through","P1"
"Recover Cold Leads","Solution","SolutionPage","Solutions","/solutions/recover-cold-leads/","Recover Cold Leads","Commercial","Published","lead-nurturing; insurance-brokers; real-estate","Talk it through","P1"
"Prove Marketing ROI","Solution","SolutionPage","Solutions","/solutions/prove-marketing-roi/","Prove Marketing ROI","Commercial","Published","growth-signal; saas; ecommerce","Talk it through","P1"
"Enter a New Market","Solution","SolutionPage","Solutions","/solutions/enter-a-new-market/","Enter a New Market","Commercial","Published","marketing-engine; campaign-lab; growth-signal","Talk it through","P1"
"Build a Founder Brand","Solution","SolutionPage","Solutions","/solutions/build-a-founder-brand/","Build a Founder Brand","Commercial","Published","marketing-engine; content-studio; coaching-consulting","Talk it through","P1"
"For Solo Founders","Solution","SolutionPage","Solutions","/solutions/solo-founders/","For Solo Founders","Commercial","Published","marketing-engine; content-studio; lead-nurturing","Talk it through","P1"
"For Small Marketing Teams","Solution","SolutionPage","Solutions","/solutions/small-marketing-teams/","For Small Marketing Teams","Commercial","Published","marketing-engine; content-studio; growth-signal","Talk it through","P1"
"For Agencies & Freelancers","Solution","SolutionPage","Solutions","/solutions/agencies-and-freelancers/","For Agencies & Freelancers","Commercial","Published","marketing-engine; content-studio; campaign-lab","Talk it through","P1"
"For Sales-Led Teams","Solution","SolutionPage","Solutions","/solutions/sales-led-teams/","For Sales-Led Teams","Commercial","Published","lead-nurturing; campaign-lab; growth-signal","Talk it through","P1"
"For Pre-Launch Startups","Solution","SolutionPage","Solutions","/solutions/pre-launch-startups/","For Pre-Launch Startups","Commercial","Published","marketing-engine; content-studio; lead-nurturing","Talk it through","P1"
"For Established Local Businesses","Solution","SolutionPage","Solutions","/solutions/established-local-businesses/","For Established Local Businesses","Commercial","Published","marketing-engine; lead-nurturing; content-studio","Talk it through","P1"
"SaaS & Software","Industry","IndustryPage","Industries / B2B & technology","/industries/saas/","Marketing for saas & software","Commercial","Published","build-a-marketing-system; generate-qualified-leads; prove-marketing-roi","Ask about your case","P2"
"B2B Services","Industry","IndustryPage","Industries / B2B & technology","/industries/b2b-services/","Marketing for b2b services","Commercial","Published","generate-qualified-leads; shorten-the-sales-cycle; build-a-founder-brand","Ask about your case","P2"
"Professional Services","Industry","IndustryPage","Industries / Professional services","/industries/professional-services/","Marketing for professional services","Commercial","Published","generate-qualified-leads; build-a-founder-brand; build-a-marketing-system","Ask about your case","P2"
"Consulting Firms","Industry","IndustryPage","Industries / B2B & technology","/industries/consulting-firms/","Marketing for consulting firms","Commercial","Published","build-a-founder-brand; small-marketing-teams; build-a-content-engine","Ask about your case","P2"
"Marketing Agencies","Industry","IndustryPage","Industries / B2B & technology","/industries/marketing-agencies/","Marketing for marketing agencies","Commercial","Published","agencies-and-freelancers; fix-inconsistent-posting; build-a-content-engine","Ask about your case","P2"
"IT Services & MSPs","Industry","IndustryPage","Industries / B2B & technology","/industries/it-services/","Marketing for it services & msps","Commercial","Published","generate-qualified-leads; build-a-marketing-system; established-local-businesses","Ask about your case","P2"
"Cybersecurity","Industry","IndustryPage","Industries / Regulated sectors","/industries/cybersecurity/","Marketing for cybersecurity","Commercial","Published","generate-qualified-leads; prove-marketing-roi; build-a-content-engine","Ask about your case","P2"
"Fintech","Industry","IndustryPage","Industries / Regulated sectors","/industries/fintech/","Marketing for fintech","Commercial","Published","build-a-marketing-system; generate-qualified-leads; prove-marketing-roi","Ask about your case","P2"
"Financial Services","Industry","IndustryPage","Industries / Regulated sectors","/industries/financial-services/","Marketing for financial services","Commercial","Published","generate-qualified-leads; build-a-marketing-system; established-local-businesses","Ask about your case","P2"
"Insurance Brokers","Industry","IndustryPage","Industries / Regulated sectors","/industries/insurance-brokers/","Marketing for insurance brokers","Commercial","Published","generate-qualified-leads; recover-cold-leads; established-local-businesses","Ask about your case","P2"
"Accounting & Bookkeeping","Industry","IndustryPage","Industries / Professional services","/industries/accounting-firms/","Marketing for accounting & bookkeeping","Commercial","Published","generate-qualified-leads; established-local-businesses; build-a-marketing-system","Ask about your case","P2"
"Legal Services","Industry","IndustryPage","Industries / Regulated sectors","/industries/legal-services/","Marketing for legal services","Commercial","Published","generate-qualified-leads; established-local-businesses; shorten-the-sales-cycle","Ask about your case","P2"
"Real Estate","Industry","IndustryPage","Industries / Local & trades","/industries/real-estate/","Marketing for real estate","Commercial","Published","generate-qualified-leads; established-local-businesses; recover-cold-leads","Ask about your case","P2"
"Property Management","Industry","IndustryPage","Industries / Professional services","/industries/property-management/","Marketing for property management","Commercial","Published","generate-qualified-leads; established-local-businesses; build-a-marketing-system","Ask about your case","P2"
"Construction & Trades","Industry","IndustryPage","Industries / Local & trades","/industries/construction/","Marketing for construction & trades","Commercial","Published","generate-qualified-leads; established-local-businesses; fix-inconsistent-posting","Ask about your case","P2"
"Architecture & Design Practices","Industry","IndustryPage","Industries / Professional services","/industries/architecture-firms/","Marketing for architecture & design practices","Commercial","Published","build-a-founder-brand; generate-qualified-leads; build-a-content-engine","Ask about your case","P2"
"Interior Design","Industry","IndustryPage","Industries / Creators & studios","/industries/interior-design/","Marketing for interior design","Commercial","Published","generate-qualified-leads; build-a-content-engine; fix-inconsistent-posting","Ask about your case","P2"
"Home Services","Industry","IndustryPage","Industries / Local & trades","/industries/home-services/","Marketing for home services","Commercial","Published","generate-qualified-leads; established-local-businesses; fix-inconsistent-posting","Ask about your case","P2"
"Automotive & Dealerships","Industry","IndustryPage","Industries / Commerce & consumer","/industries/automotive/","Marketing for automotive & dealerships","Commercial","Published","generate-qualified-leads; established-local-businesses; recover-cold-leads","Ask about your case","P2"
"Manufacturing & Industrial","Industry","IndustryPage","Industries / B2B & technology","/industries/manufacturing/","Marketing for manufacturing & industrial","Commercial","Published","generate-qualified-leads; build-a-marketing-system; enter-a-new-market","Ask about your case","P2"
"Logistics & Supply Chain","Industry","IndustryPage","Industries / B2B & technology","/industries/logistics/","Marketing for logistics & supply chain","Commercial","Published","generate-qualified-leads; enter-a-new-market; build-a-marketing-system","Ask about your case","P2"
"Ecommerce & D2C","Industry","IndustryPage","Industries / Commerce & consumer","/industries/ecommerce/","Marketing for ecommerce & d2c","Commercial","Published","run-a-seasonal-promotion; scale-content-without-hiring; prove-marketing-roi","Ask about your case","P2"
"Local Retail","Industry","IndustryPage","Industries / Local & trades","/industries/local-retail/","Marketing for local retail","Commercial","Published","established-local-businesses; fix-inconsistent-posting; run-a-seasonal-promotion","Ask about your case","P2"
"Food & Beverage Brands","Industry","IndustryPage","Industries / Commerce & consumer","/industries/food-beverage/","Marketing for food & beverage brands","Commercial","Published","run-a-seasonal-promotion; scale-content-without-hiring; enter-a-new-market","Ask about your case","P2"
"Restaurants & Cafés","Industry","IndustryPage","Industries / Local & trades","/industries/restaurants/","Marketing for restaurants & cafés","Commercial","Published","established-local-businesses; fix-inconsistent-posting; run-a-seasonal-promotion","Ask about your case","P2"
"Hotels & Hospitality","Industry","IndustryPage","Industries / Commerce & consumer","/industries/hospitality/","Marketing for hotels & hospitality","Commercial","Published","run-a-seasonal-promotion; established-local-businesses; generate-qualified-leads","Ask about your case","P2"
"Travel & Tourism","Industry","IndustryPage","Industries / Commerce & consumer","/industries/travel-tourism/","Marketing for travel & tourism","Commercial","Published","run-a-seasonal-promotion; build-a-content-engine; enter-a-new-market","Ask about your case","P2"
"Events & Weddings","Industry","IndustryPage","Industries / Creators & studios","/industries/events-weddings/","Marketing for events & weddings","Commercial","Published","generate-qualified-leads; run-a-seasonal-promotion; build-a-content-engine","Ask about your case","P2"
"Healthcare Providers","Industry","IndustryPage","Industries / Regulated sectors","/industries/healthcare/","Marketing for healthcare providers","Commercial","Published","generate-qualified-leads; established-local-businesses; build-a-marketing-system","Ask about your case","P2"
"Dental Practices","Industry","IndustryPage","Industries / Regulated sectors","/industries/dental-practices/","Marketing for dental practices","Commercial","Published","generate-qualified-leads; established-local-businesses; shorten-the-sales-cycle","Ask about your case","P2"
"Veterinary Practices","Industry","IndustryPage","Industries / Regulated sectors","/industries/veterinary/","Marketing for veterinary practices","Commercial","Published","generate-qualified-leads; established-local-businesses; build-a-marketing-system","Ask about your case","P2"
"Mental Health & Therapy","Industry","IndustryPage","Industries / Regulated sectors","/industries/mental-health-practices/","Marketing for mental health & therapy","Commercial","Published","generate-qualified-leads; established-local-businesses; build-a-content-engine","Ask about your case","P2"
"Fitness & Wellness","Industry","IndustryPage","Industries / Local & trades","/industries/fitness-wellness/","Marketing for fitness & wellness","Commercial","Published","run-a-seasonal-promotion; established-local-businesses; fix-inconsistent-posting","Ask about your case","P2"
"Beauty & Salons","Industry","IndustryPage","Industries / Local & trades","/industries/beauty-salons/","Marketing for beauty & salons","Commercial","Published","established-local-businesses; fix-inconsistent-posting; generate-qualified-leads","Ask about your case","P2"
"Med Spas & Aesthetics","Industry","IndustryPage","Industries / Regulated sectors","/industries/med-spas/","Marketing for med spas & aesthetics","Commercial","Published","generate-qualified-leads; established-local-businesses; shorten-the-sales-cycle","Ask about your case","P2"
"Education & Training Providers","Industry","IndustryPage","Industries / Professional services","/industries/education/","Marketing for education & training providers","Commercial","Published","generate-qualified-leads; run-a-seasonal-promotion; build-a-marketing-system","Ask about your case","P2"
"Tutoring & Test Prep","Industry","IndustryPage","Industries / Local & trades","/industries/tutoring-centres/","Marketing for tutoring & test prep","Commercial","Published","established-local-businesses; generate-qualified-leads; run-a-seasonal-promotion","Ask about your case","P2"
"EdTech","Industry","IndustryPage","Industries / B2B & technology","/industries/edtech/","Marketing for edtech","Commercial","Published","generate-qualified-leads; build-a-marketing-system; enter-a-new-market","Ask about your case","P2"
"Childcare & Preschools","Industry","IndustryPage","Industries / Local & trades","/industries/childcare-preschools/","Marketing for childcare & preschools","Commercial","Published","established-local-businesses; generate-qualified-leads; build-a-marketing-system","Ask about your case","P2"
"Driving Schools","Industry","IndustryPage","Industries / Local & trades","/industries/driving-schools/","Marketing for driving schools","Commercial","Published","established-local-businesses; fix-inconsistent-posting; generate-qualified-leads","Ask about your case","P2"
"Recruitment & Staffing","Industry","IndustryPage","Industries / B2B & technology","/industries/recruitment/","Marketing for recruitment & staffing","Commercial","Published","generate-qualified-leads; build-a-founder-brand; build-a-content-engine","Ask about your case","P2"
"HR & People Consulting","Industry","IndustryPage","Industries / B2B & technology","/industries/hr-consulting/","Marketing for hr & people consulting","Commercial","Published","generate-qualified-leads; build-a-founder-brand; build-a-marketing-system","Ask about your case","P2"
"Nonprofits & Social Enterprises","Industry","IndustryPage","Industries / Professional services","/industries/nonprofits/","Marketing for nonprofits & social enterprises","Commercial","Published","build-a-marketing-system; fix-inconsistent-posting; small-marketing-teams","Ask about your case","P2"
"Creators & Personal Brands","Industry","IndustryPage","Industries / Creators & studios","/industries/creator-economy/","Marketing for creators & personal brands","Commercial","Published","scale-content-without-hiring; build-a-founder-brand; build-a-content-engine","Ask about your case","P2"
"Coaches & Independent Consultants","Industry","IndustryPage","Industries / Creators & studios","/industries/coaching-consulting/","Marketing for coaches & independent consultants","Commercial","Published","build-a-founder-brand; generate-qualified-leads; solo-founders","Ask about your case","P2"
"Membership & Trade Bodies","Industry","IndustryPage","Industries / Professional services","/industries/nonprofit-membership/","Marketing for membership & trade bodies","Commercial","Published","build-a-marketing-system; small-marketing-teams; build-a-content-engine","Ask about your case","P2"
"Marketplaces & Platforms","Industry","IndustryPage","Industries / Commerce & consumer","/industries/saas-marketplaces/","Marketing for marketplaces & platforms","Commercial","Published","enter-a-new-market; generate-qualified-leads; build-a-marketing-system","Ask about your case","P2"
"Event Organisers & Conferences","Industry","IndustryPage","Industries / Commerce & consumer","/industries/events-conferences/","Marketing for event organisers & conferences","Commercial","Published","run-a-seasonal-promotion; generate-qualified-leads; build-a-marketing-system","Ask about your case","P2"
"Subscription & Membership Commerce","Industry","IndustryPage","Industries / Commerce & consumer","/industries/subscription-boxes/","Marketing for subscription & membership commerce","Commercial","Published","prove-marketing-roi; scale-content-without-hiring; run-a-seasonal-promotion","Ask about your case","P2"
"Plan a Year of Content","Use case","UseCasePage","Use cases","/use-cases/plan-a-year-of-content/","Plan a Year of Content","Commercial","Published","marketing-engine; business-brief; annual-calendar","Join our waitlist","P3"
"Define Your Positioning","Use case","UseCasePage","Use cases","/use-cases/define-your-positioning/","Define Your Positioning","Commercial","Published","marketing-engine; positioning-generator; competitor-context","Join our waitlist","P3"
"Choose the Right Channels","Use case","UseCasePage","Use cases","/use-cases/choose-the-right-channels/","Choose the Right Channels","Commercial","Published","marketing-engine; growth-signal; channel-ranking","Join our waitlist","P3"
"Produce a Month of Content","Use case","UseCasePage","Use cases","/use-cases/produce-a-month-of-content/","Produce a Month of Content","Commercial","Published","content-studio; asset-library; batch-approval","Join our waitlist","P3"
"Repurpose One Idea Into Ten","Use case","UseCasePage","Use cases","/use-cases/repurpose-one-idea-into-ten/","Repurpose One Idea Into Ten","Commercial","Published","content-studio; repurposing-engine; asset-library","Join our waitlist","P3"
"Write a Launch Sequence","Use case","UseCasePage","Use cases","/use-cases/write-a-launch-sequence/","Write a Launch Sequence","Commercial","Published","lead-nurturing; campaign-lab; content-studio","Join our waitlist","P3"
"Run a Product Launch","Use case","UseCasePage","Use cases","/use-cases/run-a-product-launch/","Run a Product Launch","Commercial","Published","campaign-lab; content-studio; campaign-briefs","Join our waitlist","P3"
"Plan a Seasonal Campaign","Use case","UseCasePage","Use cases","/use-cases/plan-a-seasonal-campaign/","Plan a Seasonal Campaign","Commercial","Published","campaign-lab; marketing-engine; seasonality-planning","Join our waitlist","P3"
"Build a Webinar Funnel","Use case","UseCasePage","Use cases","/use-cases/build-a-webinar-funnel/","Build a Webinar Funnel","Commercial","Published","campaign-lab; lead-nurturing; content-studio","Join our waitlist","P3"
"Follow Up With Every Enquiry","Use case","UseCasePage","Use cases","/use-cases/follow-up-with-every-enquiry/","Follow Up With Every Enquiry","Commercial","Published","lead-nurturing; sequence-builder; intent-segmentation","Join our waitlist","P3"
"Revive a Cold List","Use case","UseCasePage","Use cases","/use-cases/revive-a-cold-list/","Revive a Cold List","Commercial","Published","lead-nurturing; reengagement-flows; intent-segmentation","Join our waitlist","P3"
"Qualify Leads Before a Call","Use case","UseCasePage","Use cases","/use-cases/qualify-leads-before-a-call/","Qualify Leads Before a Call","Commercial","Published","lead-nurturing; lead-scoring-model; sales-handoff-notes","Join our waitlist","P3"
"Decide What to Measure","Use case","UseCasePage","Use cases","/use-cases/decide-what-to-measure/","Decide What to Measure","Commercial","Published","growth-signal; metric-selection; review-cadence","Join our waitlist","P3"
"Diagnose a Funnel Drop","Use case","UseCasePage","Use cases","/use-cases/diagnose-a-funnel-drop/","Diagnose a Funnel Drop","Commercial","Published","growth-signal; funnel-diagnostics; channel-attribution","Join our waitlist","P3"
"Run a Monthly Marketing Review","Use case","UseCasePage","Use cases","/use-cases/run-a-monthly-marketing-review/","Run a Monthly Marketing Review","Commercial","Published","growth-signal; review-cadence; reporting-templates","Join our waitlist","P3"
"Build a Lead Magnet","Use case","UseCasePage","Use cases","/use-cases/build-a-lead-magnet/","Build a Lead Magnet","Commercial","Published","content-studio; marketing-engine; lead-magnet-builder","Join our waitlist","P3"
"Write a Welcome Sequence","Use case","UseCasePage","Use cases","/use-cases/write-a-welcome-sequence/","Write a Welcome Sequence","Commercial","Published","lead-nurturing; content-studio; sequence-builder","Join our waitlist","P3"
"Fill an Empty Calendar","Use case","UseCasePage","Use cases","/use-cases/fill-an-empty-calendar/","Fill an Empty Calendar","Commercial","Published","marketing-engine; content-studio; annual-calendar","Join our waitlist","P3"
"Start Posting on LinkedIn","Use case","UseCasePage","Use cases","/use-cases/start-posting-on-linkedin/","Start Posting on LinkedIn","Commercial","Published","content-studio; marketing-engine; voice-profile","Join our waitlist","P3"
"Launch a Newsletter","Use case","UseCasePage","Use cases","/use-cases/launch-a-newsletter/","Launch a Newsletter","Commercial","Published","content-studio; marketing-engine; email-copywriting","Join our waitlist","P3"
"Write Landing Page Copy","Use case","UseCasePage","Use cases","/use-cases/write-landing-page-copy/","Write Landing Page Copy","Commercial","Published","campaign-lab; content-studio; landing-page-copy","Join our waitlist","P3"
"Create Ad Concepts","Use case","UseCasePage","Use cases","/use-cases/create-ad-concepts/","Create Ad Concepts","Commercial","Published","campaign-lab; ad-concepting; offer-architecture","Join our waitlist","P3"
"Build a Referral Ask","Use case","UseCasePage","Use cases","/use-cases/build-a-referral-ask/","Build a Referral Ask","Commercial","Published","lead-nurturing; content-studio; sequence-builder","Join our waitlist","P3"
"Onboard a New Marketing Hire","Use case","UseCasePage","Use cases","/use-cases/onboard-a-new-marketing-hire/","Onboard a New Marketing Hire","Commercial","Published","marketing-engine; content-studio; business-brief","Join our waitlist","P3"
"Brief a Freelance Writer","Use case","UseCasePage","Use cases","/use-cases/brief-a-freelance-writer/","Brief a Freelance Writer","Commercial","Published","content-studio; content-briefs; voice-profile","Join our waitlist","P3"
"Handle Price Objections","Use case","UseCasePage","Use cases","/use-cases/handle-price-objections/","Handle Price Objections","Commercial","Published","lead-nurturing; marketing-engine; objection-mapping","Join our waitlist","P3"
"Write Case Studies Without Data","Use case","UseCasePage","Use cases","/use-cases/write-case-studies-without-data/","Write Case Studies Without Data","Commercial","Published","content-studio; editorial-guardrails; long-form-drafting","Join our waitlist","P3"
"Plan a Rebrand Announcement","Use case","UseCasePage","Use cases","/use-cases/plan-a-rebrand-announcement/","Plan a Rebrand Announcement","Commercial","Published","campaign-lab; content-studio; campaign-briefs","Join our waitlist","P3"
"Build a Local SEO Page Set","Use case","UseCasePage","Use cases","/use-cases/build-a-local-seo-page-set/","Build a Local SEO Page Set","Commercial","Published","content-studio; marketing-engine; long-form-drafting","Join our waitlist","P3"
"Turn Reviews Into Content","Use case","UseCasePage","Use cases","/use-cases/turn-reviews-into-content/","Turn Reviews Into Content","Commercial","Published","content-studio; marketing-engine; voice-profile","Join our waitlist","P3"
"Recover Abandoned Enquiries","Use case","UseCasePage","Use cases","/use-cases/recover-abandoned-enquiries/","Recover Abandoned Enquiries","Commercial","Published","lead-nurturing; reengagement-flows; sequence-builder","Join our waitlist","P3"
"Announce a Price Change","Use case","UseCasePage","Use cases","/use-cases/announce-a-price-change/","Announce a Price Change","Commercial","Published","campaign-lab; lead-nurturing; campaign-briefs","Join our waitlist","P3"
"Prepare for a Trade Show","Use case","UseCasePage","Use cases","/use-cases/prepare-for-a-trade-show/","Prepare for a Trade Show","Commercial","Published","campaign-lab; lead-nurturing; campaign-briefs","Join our waitlist","P3"
"Build an Onboarding Email Flow","Use case","UseCasePage","Use cases","/use-cases/build-an-onboarding-email-flow/","Build an Onboarding Email Flow","Commercial","Published","lead-nurturing; content-studio; sequence-builder","Join our waitlist","P3"
"Create a Sales One-Pager","Use case","UseCasePage","Use cases","/use-cases/create-a-sales-one-pager/","Create a Sales One-Pager","Commercial","Published","campaign-lab; lead-nurturing; objection-mapping","Join our waitlist","P3"
"Win Back Churned Customers","Use case","UseCasePage","Use cases","/use-cases/win-back-churned-customers/","Win Back Churned Customers","Commercial","Published","lead-nurturing; reengagement-flows; intent-segmentation","Join our waitlist","P3"
"Launch in a New City","Use case","UseCasePage","Use cases","/use-cases/launch-in-a-new-city/","Launch in a New City","Commercial","Published","marketing-engine; campaign-lab; channel-ranking","Join our waitlist","P3"
"Build a Community Content Plan","Use case","UseCasePage","Use cases","/use-cases/build-a-community-content-plan/","Build a Community Content Plan","Commercial","Published","marketing-engine; content-studio; channel-ranking","Join our waitlist","P3"
"Document Your Brand Voice","Use case","UseCasePage","Use cases","/use-cases/document-your-brand-voice/","Document Your Brand Voice","Commercial","Published","content-studio; voice-profile; editorial-guardrails","Join our waitlist","P3"
"Audit Your Existing Marketing","Use case","UseCasePage","Use cases","/use-cases/audit-your-existing-marketing/","Audit Your Existing Marketing","Commercial","Published","marketing-engine; growth-signal; business-brief","Join our waitlist","P3"
"LinkedIn","Channel","ChannelPage","Channels","/channels/linkedin/","LinkedIn marketing","Informational","Published","b2b-services; saas; professional-services","Join our waitlist","P2"
"Instagram","Channel","ChannelPage","Channels","/channels/instagram/","Instagram marketing","Informational","Published","ecommerce; hospitality; fitness-wellness","Join our waitlist","P2"
"Email","Channel","ChannelPage","Channels","/channels/email/","Email marketing","Informational","Published","saas; ecommerce; education","Join our waitlist","P2"
"WhatsApp","Channel","ChannelPage","Channels","/channels/whatsapp/","WhatsApp marketing","Informational","Published","real-estate; healthcare; education","Join our waitlist","P2"
"YouTube","Channel","ChannelPage","Channels","/channels/youtube/","YouTube marketing","Informational","Published","saas; education; home-services","Join our waitlist","P2"
"TikTok","Channel","ChannelPage","Channels","/channels/tiktok/","TikTok marketing","Informational","Published","ecommerce; beauty-salons; fitness-wellness","Join our waitlist","P2"
"X","Channel","ChannelPage","Channels","/channels/x/","X marketing","Informational","Published","saas; creator-economy; b2b-services","Join our waitlist","P2"
"Facebook","Channel","ChannelPage","Channels","/channels/facebook/","Facebook marketing","Informational","Published","home-services; local-retail; hospitality","Join our waitlist","P2"
"Organic Search","Channel","ChannelPage","Channels","/channels/organic-search/","Organic Search marketing","Informational","Published","saas; professional-services; financial-services","Join our waitlist","P2"
"Google Ads","Channel","ChannelPage","Channels","/channels/google-ads/","Google Ads marketing","Informational","Published","legal-services; home-services; healthcare","Join our waitlist","P2"
"Meta Ads","Channel","ChannelPage","Channels","/channels/meta-ads/","Meta Ads marketing","Informational","Published","ecommerce; fitness-wellness; education","Join our waitlist","P2"
"Pinterest","Channel","ChannelPage","Channels","/channels/pinterest/","Pinterest marketing","Informational","Published","ecommerce; interior-design; events-weddings","Join our waitlist","P2"
"Podcasts","Channel","ChannelPage","Channels","/channels/podcasts/","Podcasts marketing","Informational","Published","b2b-services; consulting-firms; saas","Join our waitlist","P2"
"Events & Webinars","Channel","ChannelPage","Channels","/channels/events-webinars/","Events & Webinars marketing","Informational","Published","b2b-services; saas; education","Join our waitlist","P2"
"LinkedIn Text Post","Asset format","AssetTypePage","Asset library","/asset-types/linkedin-text-post/","LinkedIn Text Post format","Informational","Published","linkedin","Join our waitlist","P3"
"LinkedIn Carousel","Asset format","AssetTypePage","Asset library","/asset-types/linkedin-carousel/","LinkedIn Carousel format","Informational","Published","linkedin","Join our waitlist","P3"
"LinkedIn Newsletter Issue","Asset format","AssetTypePage","Asset library","/asset-types/linkedin-newsletter/","LinkedIn Newsletter Issue format","Informational","Published","linkedin","Join our waitlist","P3"
"LinkedIn Poll","Asset format","AssetTypePage","Asset library","/asset-types/linkedin-poll/","LinkedIn Poll format","Informational","Published","linkedin","Join our waitlist","P3"
"Founder Story Post","Asset format","AssetTypePage","Asset library","/asset-types/founder-story-post/","Founder Story Post format","Informational","Published","linkedin","Join our waitlist","P3"
"Case Breakdown Post","Asset format","AssetTypePage","Asset library","/asset-types/case-breakdown-post/","Case Breakdown Post format","Informational","Published","linkedin","Join our waitlist","P3"
"Instagram Reel Script","Asset format","AssetTypePage","Asset library","/asset-types/instagram-reel-script/","Instagram Reel Script format","Informational","Published","instagram","Join our waitlist","P3"
"Instagram Carousel","Asset format","AssetTypePage","Asset library","/asset-types/instagram-carousel/","Instagram Carousel format","Informational","Published","instagram","Join our waitlist","P3"
"Instagram Caption","Asset format","AssetTypePage","Asset library","/asset-types/instagram-caption/","Instagram Caption format","Informational","Published","instagram","Join our waitlist","P3"
"Story Sequence","Asset format","AssetTypePage","Asset library","/asset-types/story-sequence/","Story Sequence format","Informational","Published","instagram","Join our waitlist","P3"
"Reel Hook Set","Asset format","AssetTypePage","Asset library","/asset-types/reel-hook-set/","Reel Hook Set format","Informational","Published","instagram","Join our waitlist","P3"
"Grid Plan","Asset format","AssetTypePage","Asset library","/asset-types/grid-plan/","Grid Plan format","Informational","Published","instagram","Join our waitlist","P3"
"Welcome Sequence","Asset format","AssetTypePage","Asset library","/asset-types/welcome-sequence/","Welcome Sequence format","Informational","Published","email","Join our waitlist","P3"
"Nurture Email","Asset format","AssetTypePage","Asset library","/asset-types/nurture-email/","Nurture Email format","Informational","Published","email","Join our waitlist","P3"
"Newsletter Issue","Asset format","AssetTypePage","Asset library","/asset-types/newsletter-issue/","Newsletter Issue format","Informational","Published","email","Join our waitlist","P3"
"Launch Email","Asset format","AssetTypePage","Asset library","/asset-types/launch-email/","Launch Email format","Informational","Published","email","Join our waitlist","P3"
"Re-engagement Email","Asset format","AssetTypePage","Asset library","/asset-types/reengagement-email/","Re-engagement Email format","Informational","Published","email","Join our waitlist","P3"
"Sales Follow-up Email","Asset format","AssetTypePage","Asset library","/asset-types/sales-followup-email/","Sales Follow-up Email format","Informational","Published","email","Join our waitlist","P3"
"WhatsApp Opt-in Message","Asset format","AssetTypePage","Asset library","/asset-types/whatsapp-opt-in-message/","WhatsApp Opt-in Message format","Informational","Published","whatsapp","Join our waitlist","P3"
"WhatsApp Nurture Message","Asset format","AssetTypePage","Asset library","/asset-types/whatsapp-nurture-message/","WhatsApp Nurture Message format","Informational","Published","whatsapp","Join our waitlist","P3"
"WhatsApp Broadcast","Asset format","AssetTypePage","Asset library","/asset-types/whatsapp-broadcast/","WhatsApp Broadcast format","Informational","Published","whatsapp","Join our waitlist","P3"
"WhatsApp Reply Script","Asset format","AssetTypePage","Asset library","/asset-types/whatsapp-reply-script/","WhatsApp Reply Script format","Informational","Published","whatsapp","Join our waitlist","P3"
"Catalogue Message","Asset format","AssetTypePage","Asset library","/asset-types/catalogue-message/","Catalogue Message format","Informational","Published","whatsapp","Join our waitlist","P3"
"YouTube Long-form Script","Asset format","AssetTypePage","Asset library","/asset-types/youtube-long-form-script/","YouTube Long-form Script format","Informational","Published","youtube","Join our waitlist","P3"
"YouTube Short Script","Asset format","AssetTypePage","Asset library","/asset-types/youtube-short-script/","YouTube Short Script format","Informational","Published","youtube","Join our waitlist","P3"
"Video Title Set","Asset format","AssetTypePage","Asset library","/asset-types/video-title-set/","Video Title Set format","Informational","Published","youtube","Join our waitlist","P3"
"Thumbnail Brief","Asset format","AssetTypePage","Asset library","/asset-types/thumbnail-brief/","Thumbnail Brief format","Informational","Published","youtube","Join our waitlist","P3"
"Video Description","Asset format","AssetTypePage","Asset library","/asset-types/video-description/","Video Description format","Informational","Published","youtube","Join our waitlist","P3"
"Chapter Plan","Asset format","AssetTypePage","Asset library","/asset-types/chapter-plan/","Chapter Plan format","Informational","Published","youtube","Join our waitlist","P3"
"TikTok Script","Asset format","AssetTypePage","Asset library","/asset-types/tiktok-script/","TikTok Script format","Informational","Published","tiktok","Join our waitlist","P3"
"TikTok Hook Set","Asset format","AssetTypePage","Asset library","/asset-types/tiktok-hook-set/","TikTok Hook Set format","Informational","Published","tiktok","Join our waitlist","P3"
"Trend Adaptation Brief","Asset format","AssetTypePage","Asset library","/asset-types/trend-adaptation-brief/","Trend Adaptation Brief format","Informational","Published","tiktok","Join our waitlist","P3"
"Comment Response Video","Asset format","AssetTypePage","Asset library","/asset-types/comment-response-video/","Comment Response Video format","Informational","Published","tiktok","Join our waitlist","P3"
"Series Plan","Asset format","AssetTypePage","Asset library","/asset-types/series-plan/","Series Plan format","Informational","Published","tiktok","Join our waitlist","P3"
"X Post","Asset format","AssetTypePage","Asset library","/asset-types/x-post/","X Post format","Informational","Published","x","Join our waitlist","P3"
"X Thread","Asset format","AssetTypePage","Asset library","/asset-types/x-thread/","X Thread format","Informational","Published","x","Join our waitlist","P3"
"Reply Strategy Brief","Asset format","AssetTypePage","Asset library","/asset-types/reply-strategy-brief/","Reply Strategy Brief format","Informational","Published","x","Join our waitlist","P3"
"Quote Post","Asset format","AssetTypePage","Asset library","/asset-types/quote-post/","Quote Post format","Informational","Published","x","Join our waitlist","P3"
"Facebook Group Post","Asset format","AssetTypePage","Asset library","/asset-types/facebook-group-post/","Facebook Group Post format","Informational","Published","facebook","Join our waitlist","P3"
"Local Community Post","Asset format","AssetTypePage","Asset library","/asset-types/local-community-post/","Local Community Post format","Informational","Published","facebook","Join our waitlist","P3"
"Facebook Event Page","Asset format","AssetTypePage","Asset library","/asset-types/facebook-event-page/","Facebook Event Page format","Informational","Published","facebook","Join our waitlist","P3"
"Facebook Video Post","Asset format","AssetTypePage","Asset library","/asset-types/facebook-video-post/","Facebook Video Post format","Informational","Published","facebook","Join our waitlist","P3"
"SEO Article","Asset format","AssetTypePage","Asset library","/asset-types/seo-article/","SEO Article format","Informational","Published","organic-search","Join our waitlist","P3"
"Comparison Article","Asset format","AssetTypePage","Asset library","/asset-types/comparison-article/","Comparison Article format","Informational","Published","organic-search","Join our waitlist","P3"
"Landing Page","Asset format","AssetTypePage","Asset library","/asset-types/landing-page/","Landing Page format","Informational","Published","organic-search","Join our waitlist","P3"
"FAQ Page","Asset format","AssetTypePage","Asset library","/asset-types/faq-page/","FAQ Page format","Informational","Published","organic-search","Join our waitlist","P3"
"Glossary Entry","Asset format","AssetTypePage","Asset library","/asset-types/glossary-entry/","Glossary Entry format","Informational","Published","organic-search","Join our waitlist","P3"
"Location Page","Asset format","AssetTypePage","Asset library","/asset-types/location-page/","Location Page format","Informational","Published","organic-search","Join our waitlist","P3"
"Search Ad Copy","Asset format","AssetTypePage","Asset library","/asset-types/search-ad-copy/","Search Ad Copy format","Informational","Published","google-ads","Join our waitlist","P3"
"Keyword Intent Map","Asset format","AssetTypePage","Asset library","/asset-types/keyword-intent-map/","Keyword Intent Map format","Informational","Published","google-ads","Join our waitlist","P3"
"Ad Extension Set","Asset format","AssetTypePage","Asset library","/asset-types/ad-extension-set/","Ad Extension Set format","Informational","Published","google-ads","Join our waitlist","P3"
"Negative Keyword Plan","Asset format","AssetTypePage","Asset library","/asset-types/negative-keyword-plan/","Negative Keyword Plan format","Informational","Published","google-ads","Join our waitlist","P3"
"Meta Ad Creative Brief","Asset format","AssetTypePage","Asset library","/asset-types/meta-ad-creative-brief/","Meta Ad Creative Brief format","Informational","Published","meta-ads","Join our waitlist","P3"
"Meta Ad Copy","Asset format","AssetTypePage","Asset library","/asset-types/meta-ad-copy/","Meta Ad Copy format","Informational","Published","meta-ads","Join our waitlist","P3"
"Retargeting Sequence","Asset format","AssetTypePage","Asset library","/asset-types/retargeting-sequence/","Retargeting Sequence format","Informational","Published","meta-ads","Join our waitlist","P3"
"Creator Content Brief","Asset format","AssetTypePage","Asset library","/asset-types/ugc-brief/","Creator Content Brief format","Informational","Published","meta-ads","Join our waitlist","P3"
"Offer Angle Set","Asset format","AssetTypePage","Asset library","/asset-types/offer-angle-set/","Offer Angle Set format","Informational","Published","meta-ads","Join our waitlist","P3"
"Pin Design Brief","Asset format","AssetTypePage","Asset library","/asset-types/pin-design-brief/","Pin Design Brief format","Informational","Published","pinterest","Join our waitlist","P3"
"Pin Description","Asset format","AssetTypePage","Asset library","/asset-types/pin-description/","Pin Description format","Informational","Published","pinterest","Join our waitlist","P3"
"Board Structure Plan","Asset format","AssetTypePage","Asset library","/asset-types/board-structure-plan/","Board Structure Plan format","Informational","Published","pinterest","Join our waitlist","P3"
"Idea Pin Script","Asset format","AssetTypePage","Asset library","/asset-types/idea-pin-script/","Idea Pin Script format","Informational","Published","pinterest","Join our waitlist","P3"
"Podcast Pitch","Asset format","AssetTypePage","Asset library","/asset-types/podcast-pitch/","Podcast Pitch format","Informational","Published","podcasts","Join our waitlist","P3"
"Guest Talking Points","Asset format","AssetTypePage","Asset library","/asset-types/guest-talking-points/","Guest Talking Points format","Informational","Published","podcasts","Join our waitlist","P3"
"Episode Outline","Asset format","AssetTypePage","Asset library","/asset-types/episode-outline/","Episode Outline format","Informational","Published","podcasts","Join our waitlist","P3"
"Show Notes","Asset format","AssetTypePage","Asset library","/asset-types/show-notes/","Show Notes format","Informational","Published","podcasts","Join our waitlist","P3"
"Podcast Clip Plan","Asset format","AssetTypePage","Asset library","/asset-types/podcast-clip-plan/","Podcast Clip Plan format","Informational","Published","podcasts","Join our waitlist","P3"
"Webinar Promotion Sequence","Asset format","AssetTypePage","Asset library","/asset-types/webinar-promotion-sequence/","Webinar Promotion Sequence format","Informational","Published","events-webinars","Join our waitlist","P3"
"Session Outline","Asset format","AssetTypePage","Asset library","/asset-types/session-outline/","Session Outline format","Informational","Published","events-webinars","Join our waitlist","P3"
"Registration Page","Asset format","AssetTypePage","Asset library","/asset-types/registration-page/","Registration Page format","Informational","Published","events-webinars","Join our waitlist","P3"
"Attendance Reminder Set","Asset format","AssetTypePage","Asset library","/asset-types/attendance-reminder-set/","Attendance Reminder Set format","Informational","Published","events-webinars","Join our waitlist","P3"
"Post-event Sequence","Asset format","AssetTypePage","Asset library","/asset-types/post-event-sequence/","Post-event Sequence format","Informational","Published","events-webinars","Join our waitlist","P3"
"Event Follow-up Note","Asset format","AssetTypePage","Asset library","/asset-types/event-followup-note/","Event Follow-up Note format","Informational","Published","events-webinars","Join our waitlist","P3"
"Mengo vs a Marketing Agency","Comparison","ComparisonPage","Compare","/compare/mengo-vs-a-marketing-agency/","Mengo vs a retained marketing agency","Commercial investigation","Published","","Talk to an expert","P2"
"Mengo vs Hiring an In-House Marketer","Comparison","ComparisonPage","Compare","/compare/mengo-vs-an-in-house-marketer/","Mengo vs a first in-house marketing hire","Commercial investigation","Published","","Talk to an expert","P2"
"Mengo vs Freelance Writers","Comparison","ComparisonPage","Compare","/compare/mengo-vs-freelance-writers/","Mengo vs commissioning freelance writers","Commercial investigation","Published","","Talk to an expert","P2"
"Mengo vs a General AI Chatbot","Comparison","ComparisonPage","Compare","/compare/mengo-vs-a-general-ai-chatbot/","Mengo vs a general-purpose AI assistant","Commercial investigation","Published","","Talk to an expert","P2"
"Mengo vs a Social Media Scheduler","Comparison","ComparisonPage","Compare","/compare/mengo-vs-a-social-scheduler/","Mengo vs a social media scheduling tool","Commercial investigation","Published","","Talk to an expert","P2"
"Mengo vs an Email Marketing Platform","Comparison","ComparisonPage","Compare","/compare/mengo-vs-an-email-platform/","Mengo vs an email marketing and automation platform","Commercial investigation","Published","","Talk to an expert","P2"
"Mengo vs CRM Marketing Automation","Comparison","ComparisonPage","Compare","/compare/mengo-vs-marketing-automation/","Mengo vs the marketing automation module inside a CRM","Commercial investigation","Published","","Talk to an expert","P2"
"Mengo vs a Content Calendar Template","Comparison","ComparisonPage","Compare","/compare/mengo-vs-a-content-calendar-template/","Mengo vs a downloadable content calendar template","Commercial investigation","Published","","Talk to an expert","P2"
"Mengo vs AI Writing Tools","Comparison","ComparisonPage","Compare","/compare/mengo-vs-ai-writing-tools/","Mengo vs a general AI copywriting tool","Commercial investigation","Published","","Talk to an expert","P2"
"Mengo vs a Marketing Course","Comparison","ComparisonPage","Compare","/compare/mengo-vs-a-marketing-course/","Mengo vs a marketing course or coaching programme","Commercial investigation","Published","","Talk to an expert","P2"
"Mengo vs a Fractional CMO","Comparison","ComparisonPage","Compare","/compare/mengo-vs-a-fractional-cmo/","Mengo vs a fractional or part-time marketing leader","Commercial investigation","Published","","Talk to an expert","P2"
"Mengo vs Doing It Yourself","Comparison","ComparisonPage","Compare","/compare/mengo-vs-doing-it-yourself/","Mengo vs continuing to do your marketing manually","Commercial investigation","Published","","Talk to an expert","P2"
"Mengo vs an SEO Agency","Comparison","ComparisonPage","Compare","/compare/mengo-vs-an-seo-agency/","Mengo vs a specialist SEO agency","Commercial investigation","Published","","Talk to an expert","P2"
"Mengo vs an All-in-One Marketing Suite","Comparison","ComparisonPage","Compare","/compare/mengo-vs-an-all-in-one-suite/","Mengo vs an all-in-one marketing platform","Commercial investigation","Published","","Talk to an expert","P2"
"Mengo vs a Content Agency","Comparison","ComparisonPage","Compare","/compare/mengo-vs-hiring-a-content-agency/","Mengo vs a content production agency","Commercial investigation","Published","","Talk to an expert","P2"
"Mengo vs Waiting Until You Have More Time","Comparison","ComparisonPage","Compare","/compare/mengo-vs-waiting-until-later/","Mengo vs postponing marketing until the business is less busy","Commercial investigation","Published","","Talk to an expert","P2"
"The Marketing System Playbook","Guide","ResourcePage","Resources","/resources/marketing-system-playbook/","The Marketing System Playbook","Informational","Published","business-brief; annual-calendar; channel-ranking","Send me the working version","P2"
"The 90-Day Content Plan","Guide","ResourcePage","Resources","/resources/90-day-content-plan/","The 90-Day Content Plan","Informational","Published","annual-calendar; campaign-themes; content-briefs","Send me the working version","P2"
"The Positioning Framework","Guide","ResourcePage","Resources","/resources/positioning-framework/","The Positioning Framework","Informational","Published","positioning-generator; audience-segments; competitor-context","Send me the working version","P2"
"The Channel Selection Framework","Guide","ResourcePage","Resources","/resources/channel-selection-framework/","The Channel Selection Framework","Informational","Published","channel-ranking; channel-attribution; seasonality-planning","Send me the working version","P2"
"The Offer Ladder Framework","Guide","ResourcePage","Resources","/resources/offer-ladder-framework/","The Offer Ladder Framework","Informational","Published","offer-architecture; lead-magnet-builder; lead-scoring-model","Send me the working version","P2"
"The Objection Map","Guide","ResourcePage","Resources","/resources/objection-map-template/","The Objection Map","Informational","Published","objection-mapping; sequence-builder; landing-page-copy","Send me the working version","P2"
"The Launch Checklist","Guide","ResourcePage","Resources","/resources/launch-checklist/","The Launch Checklist","Informational","Published","launch-checklists; campaign-briefs; decision-rules","Send me the working version","P2"
"The Seasonal Planning Playbook","Guide","ResourcePage","Resources","/resources/seasonal-planning-playbook/","The Seasonal Planning Playbook","Informational","Published","seasonality-planning; promotional-calendars; annual-calendar","Send me the working version","P2"
"The Lead Nurture Blueprint","Guide","ResourcePage","Resources","/resources/lead-nurture-blueprint/","The Lead Nurture Blueprint","Informational","Published","sequence-builder; objection-mapping; cadence-planning","Send me the working version","P2"
"The Welcome Sequence Template","Guide","ResourcePage","Resources","/resources/welcome-sequence-template/","The Welcome Sequence Template","Informational","Published","sequence-builder; email-copywriting; lead-magnet-builder","Send me the working version","P2"
"The Re-engagement Playbook","Guide","ResourcePage","Resources","/resources/reengagement-playbook/","The Re-engagement Playbook","Informational","Published","reengagement-flows; list-hygiene; intent-segmentation","Send me the working version","P2"
"The Metric Selection Framework","Guide","ResourcePage","Resources","/resources/metric-selection-framework/","The Metric Selection Framework","Informational","Published","metric-selection; review-cadence; funnel-diagnostics","Send me the working version","P2"
"The Monthly Marketing Review","Guide","ResourcePage","Resources","/resources/monthly-review-template/","The Monthly Marketing Review","Informational","Published","review-cadence; reporting-templates; metric-selection","Send me the working version","P2"
"The Content Brief Template","Guide","ResourcePage","Resources","/resources/content-brief-template/","The Content Brief Template","Informational","Published","content-briefs; voice-profile; long-form-drafting","Send me the working version","P2"
"The Brand Voice Worksheet","Guide","ResourcePage","Resources","/resources/voice-profile-worksheet/","The Brand Voice Worksheet","Informational","Published","voice-profile; editorial-guardrails; batch-approval","Send me the working version","P2"
"The Founder's LinkedIn Playbook","Guide","ResourcePage","Resources","/resources/linkedin-founder-playbook/","The Founder's LinkedIn Playbook","Informational","Published","voice-profile; hook-writer; campaign-themes","Send me the working version","P2"
"The Instagram Reels Playbook","Guide","ResourcePage","Resources","/resources/instagram-reels-playbook/","The Instagram Reels Playbook","Informational","Published","asset-library; short-form-scripts; hook-writer","Send me the working version","P2"
"The Newsletter Playbook","Guide","ResourcePage","Resources","/resources/email-newsletter-playbook/","The Newsletter Playbook","Informational","Published","email-copywriting; annual-calendar; voice-profile","Send me the working version","P2"
"The Local SEO Checklist","Guide","ResourcePage","Resources","/resources/local-seo-checklist/","The Local SEO Checklist","Informational","Published","long-form-drafting; content-briefs; channel-ranking","Send me the working version","P2"
"The Landing Page Checklist","Guide","ResourcePage","Resources","/resources/landing-page-checklist/","The Landing Page Checklist","Informational","Published","landing-page-copy; objection-mapping; offer-architecture","Send me the working version","P2"
"The Webinar Playbook","Guide","ResourcePage","Resources","/resources/webinar-playbook/","The Webinar Playbook","Informational","Published","campaign-briefs; sequence-builder; landing-page-copy","Send me the working version","P2"
"The WhatsApp Nurture Playbook","Guide","ResourcePage","Resources","/resources/whatsapp-nurture-playbook/","The WhatsApp Nurture Playbook","Informational","Published","whatsapp-sequences; cadence-planning; objection-mapping","Send me the working version","P2"
"The AI Content Guardrails Checklist","Guide","ResourcePage","Resources","/resources/ai-content-guardrails-checklist/","The AI Content Guardrails Checklist","Informational","Published","editorial-guardrails; voice-profile; batch-approval","Send me the working version","P2"
"The Marketing Audit Checklist","Guide","ResourcePage","Resources","/resources/marketing-audit-checklist/","The Marketing Audit Checklist","Informational","Published","business-brief; channel-ranking; funnel-diagnostics","Send me the working version","P2"
"Why AI Content Sounds the Same","Article","BlogPage","Blog","/blog/ai-content-sounds-the-same/","Why AI Content Sounds the Same","Informational","Published","voice-profile; asset-library; content-that-only-you-could-write","Join our waitlist","P3"
"Marketing When You Are Also the Delivery","Article","BlogPage","Blog","/blog/marketing-when-you-are-the-business/","Marketing When You Are Also the Delivery","Informational","Published","solo-founders; sequence-builder; batch-approval","Join our waitlist","P3"
"Marketing Is a Systems Problem, Not a Discipline Problem","Article","BlogPage","Blog","/blog/marketing-is-a-systems-problem/","Marketing Is a Systems Problem, Not a Discipline Problem","Informational","Published","fix-inconsistent-posting; build-a-marketing-system; annual-calendar","Join our waitlist","P3"
"The Daily Decision Is the Cost, Not the Writing","Article","BlogPage","Blog","/blog/the-daily-decision-is-the-cost/","The Daily Decision Is the Cost, Not the Writing","Informational","Published","fill-an-empty-calendar; annual-calendar; content-briefs","Join our waitlist","P3"
"The Hallucination That Actually Matters in Marketing","Article","BlogPage","Blog","/blog/the-hallucination-that-matters/","The Hallucination That Actually Matters in Marketing","Informational","Published","editorial-guardrails; ai-content-guardrails-checklist; responsible-ai","Join our waitlist","P3"
"Be Everywhere Is Bad Advice for Almost Everyone","Article","BlogPage","Blog","/blog/be-everywhere-is-bad-advice/","Be Everywhere Is Bad Advice for Almost Everyone","Informational","Published","choose-the-right-channels; channel-ranking; channel-selection-framework","Join our waitlist","P3"
"The Quiet Period You Are Waiting For Is Not Coming","Article","BlogPage","Blog","/blog/the-quiet-period-you-are-waiting-for/","The Quiet Period You Are Waiting For Is Not Coming","Informational","Published","mengo-vs-waiting-until-later; lead-nurture-blueprint; established-local-businesses","Join our waitlist","P3"
"Your Landing Page Is Asking for Too Many Things","Article","BlogPage","Blog","/blog/your-landing-page-asks-for-too-much/","Your Landing Page Is Asking for Too Many Things","Informational","Published","write-landing-page-copy; landing-page-copy; landing-page-checklist","Join our waitlist","P3"
"Hooks Are Not Clickbait","Article","BlogPage","Blog","/blog/hooks-are-not-clickbait/","Hooks Are Not Clickbait","Informational","Published","hook-writer; asset-format; instagram-reels-playbook","Join our waitlist","P3"
"A Chatbot Will Write You a Post. It Will Not Tell You Which Post.","Article","BlogPage","Blog","/blog/a-chatbot-is-not-a-strategy/","A Chatbot Will Write You a Post. It Will Not Tell You Which Post.","Informational","Published","mengo-vs-a-general-ai-chatbot; business-brief; annual-calendar","Join our waitlist","P3"
"Your Positioning Is Probably Just a Description","Article","BlogPage","Blog","/blog/your-positioning-is-a-description/","Your Positioning Is Probably Just a Description","Informational","Published","define-your-positioning; positioning-generator; positioning-framework","Join our waitlist","P3"
"Should You Hire a Marketer or Buy a System?","Article","BlogPage","Blog","/blog/hire-or-tool/","Should You Hire a Marketer or Buy a System?","Informational","Published","mengo-vs-an-in-house-marketer; onboard-a-new-marketing-hire; build-a-marketing-system","Join our waitlist","P3"
"Price Objections Are Rarely About Price","Article","BlogPage","Blog","/blog/price-objections-are-rarely-about-price/","Price Objections Are Rarely About Price","Informational","Published","handle-price-objections; offer-architecture; objection-map-template","Join our waitlist","P3"
"Repurposing Is Not Reposting","Article","BlogPage","Blog","/blog/repurposing-is-not-reposting/","Repurposing Is Not Reposting","Informational","Published","repurpose-one-idea-into-ten; repurposing-engine; asset-library","Join our waitlist","P3"
"Should You Tell People You Use AI?","Article","BlogPage","Blog","/blog/should-you-disclose-ai/","Should You Tell People You Use AI?","Informational","Published","responsible-ai; editorial-guardrails; editorial-guardrail","Join our waitlist","P3"
"Most Businesses Do Not Have a Lead Problem","Article","BlogPage","Blog","/blog/the-follow-up-gap/","Most Businesses Do Not Have a Lead Problem","Informational","Published","follow-up-with-every-enquiry; lead-nurture-blueprint; sequence-builder","Join our waitlist","P3"
"Building a Founder Brand Without Oversharing","Article","BlogPage","Blog","/blog/founder-brand-without-oversharing/","Building a Founder Brand Without Oversharing","Informational","Published","build-a-founder-brand; voice-profile; linkedin-founder-playbook","Join our waitlist","P3"
"The Lead Magnet Nobody Wanted","Article","BlogPage","Blog","/blog/the-lead-magnet-nobody-wanted/","The Lead Magnet Nobody Wanted","Informational","Published","build-a-lead-magnet; lead-magnet-builder; offer-ladder-framework","Join our waitlist","P3"
"Write for the Format, Not for the Word Count","Article","BlogPage","Blog","/blog/write-for-the-format/","Write for the Format, Not for the Word Count","Informational","Published","asset-library; content-briefs; content-brief-template","Join our waitlist","P3"
"Prompt Engineering Is Not the Durable Skill","Article","BlogPage","Blog","/blog/prompt-engineering-is-not-the-skill/","Prompt Engineering Is Not the Durable Skill","Informational","Published","content-briefs; brief-a-freelance-writer; content-brief-template","Join our waitlist","P3"
"What Your Quiet Months Are Actually For","Article","BlogPage","Blog","/blog/what-quiet-months-are-for/","What Your Quiet Months Are Actually For","Informational","Published","plan-a-seasonal-campaign; seasonality-planning; seasonal-planning-playbook","Join our waitlist","P3"
"How Much Marketing Is Enough?","Article","BlogPage","Blog","/blog/how-much-marketing-is-enough/","How Much Marketing Is Enough?","Informational","Published","decide-what-to-measure; channel-ranking; prove-marketing-roi","Join our waitlist","P3"
"Speed Is a Conversion Strategy","Article","BlogPage","Blog","/blog/speed-is-a-conversion-strategy/","Speed Is a Conversion Strategy","Informational","Published","follow-up-with-every-enquiry; recover-abandoned-enquiries; cadence-planning","Join our waitlist","P3"
"The Brief Is the Bottleneck","Article","BlogPage","Blog","/blog/the-brief-is-the-bottleneck/","The Brief Is the Bottleneck","Informational","Published","brief-a-freelance-writer; content-briefs; content-brief-template","Join our waitlist","P3"
"AI Does Not Remove the Work, It Moves It","Article","BlogPage","Blog","/blog/ai-does-not-remove-the-work/","AI Does Not Remove the Work, It Moves It","Informational","Published","batch-approval; scale-content-without-hiring; editorial-guardrails","Join our waitlist","P3"
"Testing Adjectives Teaches You Nothing","Article","BlogPage","Blog","/blog/testing-adjectives-teaches-nothing/","Testing Adjectives Teaches You Nothing","Informational","Published","ab-testing; experiment-log; create-ad-concepts","Join our waitlist","P3"
"Marketing Before You Have Customers","Article","BlogPage","Blog","/blog/marketing-before-product-market-fit/","Marketing Before You Have Customers","Informational","Published","pre-launch-startups; define-your-positioning; launch-a-newsletter","Join our waitlist","P3"
"Stop Measuring Everything","Article","BlogPage","Blog","/blog/stop-measuring-everything/","Stop Measuring Everything","Informational","Published","decide-what-to-measure; metric-selection; metric-selection-framework","Join our waitlist","P3"
"Batching Beats a Daily Habit","Article","BlogPage","Blog","/blog/batching-beats-daily/","Batching Beats a Daily Habit","Informational","Published","produce-a-month-of-content; batch-approval; 90-day-content-plan","Join our waitlist","P3"
"What AI Cannot Know About Your Business","Article","BlogPage","Blog","/blog/what-ai-cannot-know-about-your-business/","What AI Cannot Know About Your Business","Informational","Published","business-brief; turn-reviews-into-content; voice-profile","Join our waitlist","P3"
"The Form Fields That Are Costing You Enquiries","Article","BlogPage","Blog","/blog/forms-that-lose-you-money/","The Form Fields That Are Costing You Enquiries","Informational","Published","qualify-leads-before-a-call; landing-page-copy; conversion-rate","Join our waitlist","P3"
"The Real Cost of Restarting Your Marketing","Article","BlogPage","Blog","/blog/the-cost-of-restarting/","The Real Cost of Restarting Your Marketing","Informational","Published","fix-inconsistent-posting; build-a-marketing-system; marketing-is-a-systems-problem","Join our waitlist","P3"
"Referrals Are Not a Strategy Until They Are a Process","Article","BlogPage","Blog","/blog/referrals-are-not-a-strategy/","Referrals Are Not a Strategy Until They Are a Process","Informational","Published","build-a-referral-ask; sequence-builder; objection-mapping","Join our waitlist","P3"
"Nobody Is Reading Your About Page the Way You Think","Article","BlogPage","Blog","/blog/nobody-reads-your-about-page/","Nobody Is Reading Your About Page the Way You Think","Informational","Published","positioning-generator; build-a-founder-brand; social-proof","Join our waitlist","P3"
"Why AI Marketing Tools End Up Unused","Article","BlogPage","Blog","/blog/ai-marketing-tools-that-stay-empty/","Why AI Marketing Tools End Up Unused","Informational","Published","mengo-vs-a-social-scheduler; annual-calendar; fix-inconsistent-posting","Join our waitlist","P3"
"Your Onboarding Sequence Is a Marketing Asset","Article","BlogPage","Blog","/blog/onboarding-is-marketing/","Your Onboarding Sequence Is a Marketing Asset","Informational","Published","build-an-onboarding-email-flow; onboarding; churn-rate","Join our waitlist","P3"
"You Probably Do Not Need to Be on TikTok","Article","BlogPage","Blog","/blog/you-do-not-need-to-be-on-tiktok/","You Probably Do Not Need to Be on TikTok","Informational","Published","choose-the-right-channels; channel-selection-framework; be-everywhere-is-bad-advice","Join our waitlist","P3"
"Why Your Content Does Not Compound","Article","BlogPage","Blog","/blog/why-your-content-does-not-compound/","Why Your Content Does Not Compound","Informational","Published","build-a-content-engine; repurposing-engine; evergreen-content","Join our waitlist","P3"
"Write the Content Only You Could Write","Article","BlogPage","Blog","/blog/content-that-only-you-could-write/","Write the Content Only You Could Write","Informational","Published","editorial-guardrails; voice-profile; voice-profile-worksheet","Join our waitlist","P3"
"Your Buyer Cannot Sell You Internally","Article","BlogPage","Blog","/blog/the-internal-champion-problem/","Your Buyer Cannot Sell You Internally","Informational","Published","create-a-sales-one-pager; shorten-the-sales-cycle; objection-mapping","Join our waitlist","P3"
"A/B Testing","Glossary term","GlossaryPage","Glossary","/glossary/ab-testing/","A/B Testing definition","Informational","Published","conversion-rate; creative-fatigue; experiment","Join our waitlist","P3"
"Above the Fold","Glossary term","GlossaryPage","Glossary","/glossary/above-the-fold/","Above the Fold definition","Informational","Published","landing-page; hook; call-to-action","Join our waitlist","P3"
"Asset Format","Glossary term","GlossaryPage","Glossary","/glossary/asset-format/","Asset Format definition","Informational","Published","repurposing; hook; content-calendar","Join our waitlist","P3"
"Attribution","Glossary term","GlossaryPage","Glossary","/glossary/attribution/","Attribution definition","Informational","Published","first-touch-attribution; last-touch-attribution; funnel","Join our waitlist","P3"
"Audience Segmentation","Glossary term","GlossaryPage","Glossary","/glossary/audience-segmentation/","Audience Segmentation definition","Informational","Published","ideal-customer-profile; objection-handling; intent-segmentation","Join our waitlist","P3"
"Bottom of Funnel","Glossary term","GlossaryPage","Glossary","/glossary/bottom-of-funnel/","Bottom of Funnel definition","Informational","Published","middle-of-funnel; landing-page; call-to-action","Join our waitlist","P3"
"Brand Voice","Glossary term","GlossaryPage","Glossary","/glossary/brand-voice/","Brand Voice definition","Informational","Published","tone-of-voice; positioning; editorial-guardrail","Join our waitlist","P3"
"Buyer Journey","Glossary term","GlossaryPage","Glossary","/glossary/buyer-journey/","Buyer Journey definition","Informational","Published","buying-cycle; top-of-funnel; bottom-of-funnel","Join our waitlist","P3"
"Buying Cycle","Glossary term","GlossaryPage","Glossary","/glossary/buying-cycle/","Buying Cycle definition","Informational","Published","buyer-journey; lead-nurturing; sales-cycle","Join our waitlist","P3"
"Call to Action","Glossary term","GlossaryPage","Glossary","/glossary/call-to-action/","Call to Action definition","Informational","Published","landing-page; conversion-rate; offer-ladder","Join our waitlist","P3"
"Campaign","Glossary term","GlossaryPage","Glossary","/glossary/campaign/","Campaign definition","Informational","Published","campaign-theme; offer-ladder; promotional-calendar","Join our waitlist","P3"
"Campaign Theme","Glossary term","GlossaryPage","Glossary","/glossary/campaign-theme/","Campaign Theme definition","Informational","Published","editorial-calendar; content-pillar; campaign","Join our waitlist","P3"
"Canonical URL","Glossary term","GlossaryPage","Glossary","/glossary/canonical-url/","Canonical URL definition","Informational","Published","meta-description; schema-markup; internal-linking","Join our waitlist","P3"
"Channel Strategy","Glossary term","GlossaryPage","Glossary","/glossary/channel-strategy/","Channel Strategy definition","Informational","Published","marketing-mix; content-calendar; attribution","Join our waitlist","P3"
"Churn Rate","Glossary term","GlossaryPage","Glossary","/glossary/churn-rate/","Churn Rate definition","Informational","Published","customer-lifetime-value; onboarding; customer-acquisition-cost","Join our waitlist","P3"
"Click-Through Rate","Glossary term","GlossaryPage","Glossary","/glossary/click-through-rate/","Click-Through Rate definition","Informational","Published","conversion-rate; open-rate; hook","Join our waitlist","P3"
"Content Calendar","Glossary term","GlossaryPage","Glossary","/glossary/content-calendar/","Content Calendar definition","Informational","Published","editorial-calendar; content-pillar; channel-strategy","Join our waitlist","P3"
"Content Pillar","Glossary term","GlossaryPage","Glossary","/glossary/content-pillar/","Content Pillar definition","Informational","Published","editorial-calendar; evergreen-content; positioning","Join our waitlist","P3"
"Content Repurposing","Glossary term","GlossaryPage","Glossary","/glossary/repurposing/","Content Repurposing definition","Informational","Published","evergreen-content; content-pillar; asset-format","Join our waitlist","P3"
"Conversion Rate","Glossary term","GlossaryPage","Glossary","/glossary/conversion-rate/","Conversion Rate definition","Informational","Published","funnel; click-through-rate; ab-testing","Join our waitlist","P3"
"Core Web Vitals","Glossary term","GlossaryPage","Glossary","/glossary/core-web-vitals/","Core Web Vitals definition","Informational","Published","landing-page; above-the-fold; meta-description","Join our waitlist","P3"
"Creative Fatigue","Glossary term","GlossaryPage","Glossary","/glossary/creative-fatigue/","Creative Fatigue definition","Informational","Published","retargeting; ab-testing; impression-share","Join our waitlist","P3"
"Customer Acquisition Cost","Glossary term","GlossaryPage","Glossary","/glossary/customer-acquisition-cost/","Customer Acquisition Cost definition","Informational","Published","customer-lifetime-value; payback-period; attribution","Join our waitlist","P3"
"Customer Lifetime Value","Glossary term","GlossaryPage","Glossary","/glossary/customer-lifetime-value/","Customer Lifetime Value definition","Informational","Published","customer-acquisition-cost; payback-period; churn-rate","Join our waitlist","P3"
"Customer Onboarding","Glossary term","GlossaryPage","Glossary","/glossary/onboarding/","Customer Onboarding definition","Informational","Published","churn-rate; welcome-sequence; customer-lifetime-value","Join our waitlist","P3"
"Deliverability","Glossary term","GlossaryPage","Glossary","/glossary/deliverability/","Deliverability definition","Informational","Published","list-hygiene; double-opt-in; open-rate","Join our waitlist","P3"
"Double Opt-In","Glossary term","GlossaryPage","Glossary","/glossary/double-opt-in/","Double Opt-In definition","Informational","Published","deliverability; list-hygiene; welcome-sequence","Join our waitlist","P3"
"Drip Campaign","Glossary term","GlossaryPage","Glossary","/glossary/drip-campaign/","Drip Campaign definition","Informational","Published","welcome-sequence; lead-nurturing; objection-handling","Join our waitlist","P3"
"Editorial Calendar","Glossary term","GlossaryPage","Glossary","/glossary/editorial-calendar/","Editorial Calendar definition","Informational","Published","content-calendar; content-pillar; campaign-theme","Join our waitlist","P3"
"Editorial Guardrail","Glossary term","GlossaryPage","Glossary","/glossary/editorial-guardrail/","Editorial Guardrail definition","Informational","Published","brand-voice; social-proof; objection-handling","Join our waitlist","P3"
"Engagement Rate","Glossary term","GlossaryPage","Glossary","/glossary/engagement-rate/","Engagement Rate definition","Informational","Published","watch-through-rate; social-proof; conversion-rate","Join our waitlist","P3"
"Evergreen Content","Glossary term","GlossaryPage","Glossary","/glossary/evergreen-content/","Evergreen Content definition","Informational","Published","repurposing; search-intent; internal-linking","Join our waitlist","P3"
"First-Touch Attribution","Glossary term","GlossaryPage","Glossary","/glossary/first-touch-attribution/","First-Touch Attribution definition","Informational","Published","attribution; last-touch-attribution; top-of-funnel","Join our waitlist","P3"
"Funnel","Glossary term","GlossaryPage","Glossary","/glossary/funnel/","Funnel definition","Informational","Published","conversion-rate; top-of-funnel; attribution","Join our waitlist","P3"
"Hook","Glossary term","GlossaryPage","Glossary","/glossary/hook/","Hook definition","Informational","Published","above-the-fold; asset-format; click-through-rate","Join our waitlist","P3"
"Ideal Customer Profile","Glossary term","GlossaryPage","Glossary","/glossary/ideal-customer-profile/","Ideal Customer Profile definition","Informational","Published","audience-segmentation; positioning; minimum-viable-audience","Join our waitlist","P3"
"Impression Share","Glossary term","GlossaryPage","Glossary","/glossary/impression-share/","Impression Share definition","Informational","Published","creative-fatigue; click-through-rate; attribution","Join our waitlist","P3"
"Intent Segmentation","Glossary term","GlossaryPage","Glossary","/glossary/intent-segmentation/","Intent Segmentation definition","Informational","Published","lead-scoring; audience-segmentation; lead-nurturing","Join our waitlist","P3"
"Internal Linking","Glossary term","GlossaryPage","Glossary","/glossary/internal-linking/","Internal Linking definition","Informational","Published","search-intent; canonical-url; evergreen-content","Join our waitlist","P3"
"Landing Page","Glossary term","GlossaryPage","Glossary","/glossary/landing-page/","Landing Page definition","Informational","Published","call-to-action; above-the-fold; conversion-rate","Join our waitlist","P3"
"Last-Touch Attribution","Glossary term","GlossaryPage","Glossary","/glossary/last-touch-attribution/","Last-Touch Attribution definition","Informational","Published","attribution; first-touch-attribution; retargeting","Join our waitlist","P3"
"Lead Magnet","Glossary term","GlossaryPage","Glossary","/glossary/lead-magnet/","Lead Magnet definition","Informational","Published","offer-ladder; welcome-sequence; landing-page","Join our waitlist","P3"
"Lead Nurturing","Glossary term","GlossaryPage","Glossary","/glossary/lead-nurturing/","Lead Nurturing definition","Informational","Published","drip-campaign; objection-handling; intent-segmentation","Join our waitlist","P3"
"Lead Scoring","Glossary term","GlossaryPage","Glossary","/glossary/lead-scoring/","Lead Scoring definition","Informational","Published","marketing-qualified-lead; intent-segmentation; sales-qualified-lead","Join our waitlist","P3"
"List Hygiene","Glossary term","GlossaryPage","Glossary","/glossary/list-hygiene/","List Hygiene definition","Informational","Published","deliverability; re-engagement-campaign; double-opt-in","Join our waitlist","P3"
"Location Page","Glossary term","GlossaryPage","Glossary","/glossary/location-page/","Location Page definition","Informational","Published","long-tail-keyword; search-intent; internal-linking","Join our waitlist","P3"
"Long-Tail Keyword","Glossary term","GlossaryPage","Glossary","/glossary/long-tail-keyword/","Long-Tail Keyword definition","Informational","Published","search-intent; internal-linking; location-page","Join our waitlist","P3"
"Lookalike Audience","Glossary term","GlossaryPage","Glossary","/glossary/lookalike-audience/","Lookalike Audience definition","Informational","Published","retargeting; audience-segmentation; customer-lifetime-value","Join our waitlist","P3"
"Marketing Experiment","Glossary term","GlossaryPage","Glossary","/glossary/experiment/","Marketing Experiment definition","Informational","Published","ab-testing; attribution; funnel","Join our waitlist","P3"
"Marketing Mix","Glossary term","GlossaryPage","Glossary","/glossary/marketing-mix/","Marketing Mix definition","Informational","Published","channel-strategy; seasonality; attribution","Join our waitlist","P3"
"Marketing Qualified Lead","Glossary term","GlossaryPage","Glossary","/glossary/marketing-qualified-lead/","Marketing Qualified Lead definition","Informational","Published","sales-qualified-lead; lead-scoring; conversion-rate","Join our waitlist","P3"
"Meta Description","Glossary term","GlossaryPage","Glossary","/glossary/meta-description/","Meta Description definition","Informational","Published","canonical-url; schema-markup; click-through-rate","Join our waitlist","P3"
"Middle of Funnel","Glossary term","GlossaryPage","Glossary","/glossary/middle-of-funnel/","Middle of Funnel definition","Informational","Published","top-of-funnel; bottom-of-funnel; objection-handling","Join our waitlist","P3"
"Minimum Viable Audience","Glossary term","GlossaryPage","Glossary","/glossary/minimum-viable-audience/","Minimum Viable Audience definition","Informational","Published","ideal-customer-profile; positioning; audience-segmentation","Join our waitlist","P3"
"Objection Handling","Glossary term","GlossaryPage","Glossary","/glossary/objection-handling/","Objection Handling definition","Informational","Published","lead-nurturing; social-proof; offer-ladder","Join our waitlist","P3"
"Offer Ladder","Glossary term","GlossaryPage","Glossary","/glossary/offer-ladder/","Offer Ladder definition","Informational","Published","lead-magnet; value-proposition; objection-handling","Join our waitlist","P3"
"Open Rate","Glossary term","GlossaryPage","Glossary","/glossary/open-rate/","Open Rate definition","Informational","Published","deliverability; click-through-rate; list-hygiene","Join our waitlist","P3"
"Payback Period","Glossary term","GlossaryPage","Glossary","/glossary/payback-period/","Payback Period definition","Informational","Published","customer-acquisition-cost; customer-lifetime-value; churn-rate","Join our waitlist","P3"
"Positioning","Glossary term","GlossaryPage","Glossary","/glossary/positioning/","Positioning definition","Informational","Published","value-proposition; audience-segmentation; brand-voice","Join our waitlist","P3"
"Promotional Calendar","Glossary term","GlossaryPage","Glossary","/glossary/promotional-calendar/","Promotional Calendar definition","Informational","Published","campaign; seasonality; offer-ladder","Join our waitlist","P3"
"Re-engagement Campaign","Glossary term","GlossaryPage","Glossary","/glossary/re-engagement-campaign/","Re-engagement Campaign definition","Informational","Published","list-hygiene; churn-rate; deliverability","Join our waitlist","P3"
"Retargeting","Glossary term","GlossaryPage","Glossary","/glossary/retargeting/","Retargeting definition","Informational","Published","creative-fatigue; lookalike-audience; last-touch-attribution","Join our waitlist","P3"
"Sales Cycle","Glossary term","GlossaryPage","Glossary","/glossary/sales-cycle/","Sales Cycle definition","Informational","Published","buying-cycle; lead-scoring; conversion-rate","Join our waitlist","P3"
"Sales Qualified Lead","Glossary term","GlossaryPage","Glossary","/glossary/sales-qualified-lead/","Sales Qualified Lead definition","Informational","Published","marketing-qualified-lead; lead-scoring; sales-cycle","Join our waitlist","P3"
"Schema Markup","Glossary term","GlossaryPage","Glossary","/glossary/schema-markup/","Schema Markup definition","Informational","Published","canonical-url; meta-description; internal-linking","Join our waitlist","P3"
"Search Intent","Glossary term","GlossaryPage","Glossary","/glossary/search-intent/","Search Intent definition","Informational","Published","long-tail-keyword; evergreen-content; internal-linking","Join our waitlist","P3"
"Seasonality","Glossary term","GlossaryPage","Glossary","/glossary/seasonality/","Seasonality definition","Informational","Published","promotional-calendar; content-calendar; marketing-mix","Join our waitlist","P3"
"Social Proof","Glossary term","GlossaryPage","Glossary","/glossary/social-proof/","Social Proof definition","Informational","Published","objection-handling; editorial-guardrail; engagement-rate","Join our waitlist","P3"
"Tone of Voice","Glossary term","GlossaryPage","Glossary","/glossary/tone-of-voice/","Tone of Voice definition","Informational","Published","brand-voice; editorial-guardrail; asset-format","Join our waitlist","P3"
"Top of Funnel","Glossary term","GlossaryPage","Glossary","/glossary/top-of-funnel/","Top of Funnel definition","Informational","Published","buyer-journey; middle-of-funnel; content-pillar","Join our waitlist","P3"
"Value Proposition","Glossary term","GlossaryPage","Glossary","/glossary/value-proposition/","Value Proposition definition","Informational","Published","positioning; offer-ladder; objection-handling","Join our waitlist","P3"
"Watch-Through Rate","Glossary term","GlossaryPage","Glossary","/glossary/watch-through-rate/","Watch-Through Rate definition","Informational","Published","hook; engagement-rate; asset-format","Join our waitlist","P3"
"Welcome Sequence","Glossary term","GlossaryPage","Glossary","/glossary/welcome-sequence/","Welcome Sequence definition","Informational","Published","lead-magnet; drip-campaign; onboarding","Join our waitlist","P3"
"About Mengo","Company","CompanyPage","Company","/company/about/","About Mengo","Navigational","Published","","Varies by page","P1"
"How Mengo Works","Company","CompanyPage","Company","/company/how-it-works/","How Mengo Works","Navigational","Published","","Varies by page","P1"
"Who Mengo Is For","Company","CompanyPage","Company","/company/who-its-for/","Who Mengo Is For","Navigational","Published","","Varies by page","P1"
"About the Founder","Company","CompanyPage","Company","/company/founder/","About the Founder","Navigational","Published","","Varies by page","P1"
"Invest in Mengo","Company","CompanyPage","Company","/company/invest/","Invest in Mengo","Navigational","Published","","Varies by page","P1"
"How We Use AI Responsibly","Company","CompanyPage","Company","/company/responsible-ai/","How We Use AI Responsibly","Navigational","Published","","Varies by page","P1"
"Privacy Policy","Legal","LegalPage","Legal","/legal/privacy-policy/","Privacy Policy","Navigational","Published","","None","P1"
"Terms of Service","Legal","LegalPage","Legal","/legal/terms-of-service/","Terms of Service","Navigational","Published","","None","P1"
"Cookie Policy","Legal","LegalPage","Legal","/legal/cookie-policy/","Cookie Policy","Navigational","Published","","None","P1"
"Acceptable Use Policy","Legal","LegalPage","Legal","/legal/acceptable-use/","Acceptable Use Policy","Navigational","Published","","None","P1"
"Marketing Automation (blog topic)","Blog topic","BlogCategoryPage","Blog","/blog/topics/marketing-automation/","Marketing Automation","Informational","Published","Blog index","Join our waitlist","P3"
"Content Automation (blog topic)","Blog topic","BlogCategoryPage","Blog","/blog/topics/content-automation/","Content Automation","Informational","Published","Blog index","Join our waitlist","P3"
"Sales Automation (blog topic)","Blog topic","BlogCategoryPage","Blog","/blog/topics/sales-automation/","Sales Automation","Informational","Published","Blog index","Join our waitlist","P3"
"AI Cofounder (blog topic)","Blog topic","BlogCategoryPage","Blog","/blog/topics/ai-cofounder/","AI Cofounder","Informational","Published","Blog index","Join our waitlist","P3"
"MengoTalks (blog topic)","Blog topic","BlogCategoryPage","Blog","/blog/topics/mengotalks/","MengoTalks","Informational","Published","Blog index","Join our waitlist","P3"
"LinkedIn for B2B Services","SEO landing","ChannelIndustryPage","Channels / LinkedIn","/channels/linkedin/for/b2b-services/","LinkedIn marketing for b2b services","Commercial","Published","LinkedIn; B2B Services","Ask about your case","P3"
"LinkedIn for SaaS & Software","SEO landing","ChannelIndustryPage","Channels / LinkedIn","/channels/linkedin/for/saas/","LinkedIn marketing for saas & software","Commercial","Published","LinkedIn; SaaS & Software","Ask about your case","P3"
"LinkedIn for Professional Services","SEO landing","ChannelIndustryPage","Channels / LinkedIn","/channels/linkedin/for/professional-services/","LinkedIn marketing for professional services","Commercial","Published","LinkedIn; Professional Services","Ask about your case","P3"
"LinkedIn for Recruitment & Staffing","SEO landing","ChannelIndustryPage","Channels / LinkedIn","/channels/linkedin/for/recruitment/","LinkedIn marketing for recruitment & staffing","Commercial","Published","LinkedIn; Recruitment & Staffing","Ask about your case","P3"
"LinkedIn for Consulting Firms","SEO landing","ChannelIndustryPage","Channels / LinkedIn","/channels/linkedin/for/consulting-firms/","LinkedIn marketing for consulting firms","Commercial","Published","LinkedIn; Consulting Firms","Ask about your case","P3"
"Instagram for Ecommerce & D2C","SEO landing","ChannelIndustryPage","Channels / Instagram","/channels/instagram/for/ecommerce/","Instagram marketing for ecommerce & d2c","Commercial","Published","Instagram; Ecommerce & D2C","Ask about your case","P3"
"Instagram for Hotels & Hospitality","SEO landing","ChannelIndustryPage","Channels / Instagram","/channels/instagram/for/hospitality/","Instagram marketing for hotels & hospitality","Commercial","Published","Instagram; Hotels & Hospitality","Ask about your case","P3"
"Instagram for Fitness & Wellness","SEO landing","ChannelIndustryPage","Channels / Instagram","/channels/instagram/for/fitness-wellness/","Instagram marketing for fitness & wellness","Commercial","Published","Instagram; Fitness & Wellness","Ask about your case","P3"
"Instagram for Beauty & Salons","SEO landing","ChannelIndustryPage","Channels / Instagram","/channels/instagram/for/beauty-salons/","Instagram marketing for beauty & salons","Commercial","Published","Instagram; Beauty & Salons","Ask about your case","P3"
"Instagram for Creators & Personal Brands","SEO landing","ChannelIndustryPage","Channels / Instagram","/channels/instagram/for/creator-economy/","Instagram marketing for creators & personal brands","Commercial","Published","Instagram; Creators & Personal Brands","Ask about your case","P3"
"Email for SaaS & Software","SEO landing","ChannelIndustryPage","Channels / Email","/channels/email/for/saas/","Email marketing for saas & software","Commercial","Published","Email; SaaS & Software","Ask about your case","P3"
"Email for Ecommerce & D2C","SEO landing","ChannelIndustryPage","Channels / Email","/channels/email/for/ecommerce/","Email marketing for ecommerce & d2c","Commercial","Published","Email; Ecommerce & D2C","Ask about your case","P3"
"Email for Education & Training Providers","SEO landing","ChannelIndustryPage","Channels / Email","/channels/email/for/education/","Email marketing for education & training providers","Commercial","Published","Email; Education & Training Providers","Ask about your case","P3"
"Email for Professional Services","SEO landing","ChannelIndustryPage","Channels / Email","/channels/email/for/professional-services/","Email marketing for professional services","Commercial","Published","Email; Professional Services","Ask about your case","P3"
"Email for Nonprofits & Social Enterprises","SEO landing","ChannelIndustryPage","Channels / Email","/channels/email/for/nonprofits/","Email marketing for nonprofits & social enterprises","Commercial","Published","Email; Nonprofits & Social Enterprises","Ask about your case","P3"
"WhatsApp for Real Estate","SEO landing","ChannelIndustryPage","Channels / WhatsApp","/channels/whatsapp/for/real-estate/","WhatsApp marketing for real estate","Commercial","Published","WhatsApp; Real Estate","Ask about your case","P3"
"WhatsApp for Healthcare Providers","SEO landing","ChannelIndustryPage","Channels / WhatsApp","/channels/whatsapp/for/healthcare/","WhatsApp marketing for healthcare providers","Commercial","Published","WhatsApp; Healthcare Providers","Ask about your case","P3"
"WhatsApp for Education & Training Providers","SEO landing","ChannelIndustryPage","Channels / WhatsApp","/channels/whatsapp/for/education/","WhatsApp marketing for education & training providers","Commercial","Published","WhatsApp; Education & Training Providers","Ask about your case","P3"
"WhatsApp for Automotive & Dealerships","SEO landing","ChannelIndustryPage","Channels / WhatsApp","/channels/whatsapp/for/automotive/","WhatsApp marketing for automotive & dealerships","Commercial","Published","WhatsApp; Automotive & Dealerships","Ask about your case","P3"
"WhatsApp for Hotels & Hospitality","SEO landing","ChannelIndustryPage","Channels / WhatsApp","/channels/whatsapp/for/hospitality/","WhatsApp marketing for hotels & hospitality","Commercial","Published","WhatsApp; Hotels & Hospitality","Ask about your case","P3"
"YouTube for SaaS & Software","SEO landing","ChannelIndustryPage","Channels / YouTube","/channels/youtube/for/saas/","YouTube marketing for saas & software","Commercial","Published","YouTube; SaaS & Software","Ask about your case","P3"
"YouTube for Education & Training Providers","SEO landing","ChannelIndustryPage","Channels / YouTube","/channels/youtube/for/education/","YouTube marketing for education & training providers","Commercial","Published","YouTube; Education & Training Providers","Ask about your case","P3"
"YouTube for Home Services","SEO landing","ChannelIndustryPage","Channels / YouTube","/channels/youtube/for/home-services/","YouTube marketing for home services","Commercial","Published","YouTube; Home Services","Ask about your case","P3"
"YouTube for Financial Services","SEO landing","ChannelIndustryPage","Channels / YouTube","/channels/youtube/for/financial-services/","YouTube marketing for financial services","Commercial","Published","YouTube; Financial Services","Ask about your case","P3"
"YouTube for Creators & Personal Brands","SEO landing","ChannelIndustryPage","Channels / YouTube","/channels/youtube/for/creator-economy/","YouTube marketing for creators & personal brands","Commercial","Published","YouTube; Creators & Personal Brands","Ask about your case","P3"
"TikTok for Ecommerce & D2C","SEO landing","ChannelIndustryPage","Channels / TikTok","/channels/tiktok/for/ecommerce/","TikTok marketing for ecommerce & d2c","Commercial","Published","TikTok; Ecommerce & D2C","Ask about your case","P3"
"TikTok for Beauty & Salons","SEO landing","ChannelIndustryPage","Channels / TikTok","/channels/tiktok/for/beauty-salons/","TikTok marketing for beauty & salons","Commercial","Published","TikTok; Beauty & Salons","Ask about your case","P3"
"TikTok for Fitness & Wellness","SEO landing","ChannelIndustryPage","Channels / TikTok","/channels/tiktok/for/fitness-wellness/","TikTok marketing for fitness & wellness","Commercial","Published","TikTok; Fitness & Wellness","Ask about your case","P3"
"TikTok for Food & Beverage Brands","SEO landing","ChannelIndustryPage","Channels / TikTok","/channels/tiktok/for/food-beverage/","TikTok marketing for food & beverage brands","Commercial","Published","TikTok; Food & Beverage Brands","Ask about your case","P3"
"TikTok for Creators & Personal Brands","SEO landing","ChannelIndustryPage","Channels / TikTok","/channels/tiktok/for/creator-economy/","TikTok marketing for creators & personal brands","Commercial","Published","TikTok; Creators & Personal Brands","Ask about your case","P3"
"X for SaaS & Software","SEO landing","ChannelIndustryPage","Channels / X","/channels/x/for/saas/","X marketing for saas & software","Commercial","Published","X; SaaS & Software","Ask about your case","P3"
"X for Creators & Personal Brands","SEO landing","ChannelIndustryPage","Channels / X","/channels/x/for/creator-economy/","X marketing for creators & personal brands","Commercial","Published","X; Creators & Personal Brands","Ask about your case","P3"
"X for B2B Services","SEO landing","ChannelIndustryPage","Channels / X","/channels/x/for/b2b-services/","X marketing for b2b services","Commercial","Published","X; B2B Services","Ask about your case","P3"
"X for Fintech","SEO landing","ChannelIndustryPage","Channels / X","/channels/x/for/fintech/","X marketing for fintech","Commercial","Published","X; Fintech","Ask about your case","P3"
"Facebook for Home Services","SEO landing","ChannelIndustryPage","Channels / Facebook","/channels/facebook/for/home-services/","Facebook marketing for home services","Commercial","Published","Facebook; Home Services","Ask about your case","P3"
"Facebook for Local Retail","SEO landing","ChannelIndustryPage","Channels / Facebook","/channels/facebook/for/local-retail/","Facebook marketing for local retail","Commercial","Published","Facebook; Local Retail","Ask about your case","P3"
"Facebook for Hotels & Hospitality","SEO landing","ChannelIndustryPage","Channels / Facebook","/channels/facebook/for/hospitality/","Facebook marketing for hotels & hospitality","Commercial","Published","Facebook; Hotels & Hospitality","Ask about your case","P3"
"Facebook for Nonprofits & Social Enterprises","SEO landing","ChannelIndustryPage","Channels / Facebook","/channels/facebook/for/nonprofits/","Facebook marketing for nonprofits & social enterprises","Commercial","Published","Facebook; Nonprofits & Social Enterprises","Ask about your case","P3"
"Facebook for Real Estate","SEO landing","ChannelIndustryPage","Channels / Facebook","/channels/facebook/for/real-estate/","Facebook marketing for real estate","Commercial","Published","Facebook; Real Estate","Ask about your case","P3"
"Organic Search for SaaS & Software","SEO landing","ChannelIndustryPage","Channels / Organic Search","/channels/organic-search/for/saas/","Organic Search marketing for saas & software","Commercial","Published","Organic Search; SaaS & Software","Ask about your case","P3"
"Organic Search for Professional Services","SEO landing","ChannelIndustryPage","Channels / Organic Search","/channels/organic-search/for/professional-services/","Organic Search marketing for professional services","Commercial","Published","Organic Search; Professional Services","Ask about your case","P3"
"Organic Search for Financial Services","SEO landing","ChannelIndustryPage","Channels / Organic Search","/channels/organic-search/for/financial-services/","Organic Search marketing for financial services","Commercial","Published","Organic Search; Financial Services","Ask about your case","P3"
"Organic Search for Healthcare Providers","SEO landing","ChannelIndustryPage","Channels / Organic Search","/channels/organic-search/for/healthcare/","Organic Search marketing for healthcare providers","Commercial","Published","Organic Search; Healthcare Providers","Ask about your case","P3"
"Organic Search for Legal Services","SEO landing","ChannelIndustryPage","Channels / Organic Search","/channels/organic-search/for/legal-services/","Organic Search marketing for legal services","Commercial","Published","Organic Search; Legal Services","Ask about your case","P3"
"Google Ads for Legal Services","SEO landing","ChannelIndustryPage","Channels / Google Ads","/channels/google-ads/for/legal-services/","Google Ads marketing for legal services","Commercial","Published","Google Ads; Legal Services","Ask about your case","P3"
"Google Ads for Home Services","SEO landing","ChannelIndustryPage","Channels / Google Ads","/channels/google-ads/for/home-services/","Google Ads marketing for home services","Commercial","Published","Google Ads; Home Services","Ask about your case","P3"
"Google Ads for Healthcare Providers","SEO landing","ChannelIndustryPage","Channels / Google Ads","/channels/google-ads/for/healthcare/","Google Ads marketing for healthcare providers","Commercial","Published","Google Ads; Healthcare Providers","Ask about your case","P3"
"Google Ads for Financial Services","SEO landing","ChannelIndustryPage","Channels / Google Ads","/channels/google-ads/for/financial-services/","Google Ads marketing for financial services","Commercial","Published","Google Ads; Financial Services","Ask about your case","P3"
"Google Ads for B2B Services","SEO landing","ChannelIndustryPage","Channels / Google Ads","/channels/google-ads/for/b2b-services/","Google Ads marketing for b2b services","Commercial","Published","Google Ads; B2B Services","Ask about your case","P3"
"Meta Ads for Ecommerce & D2C","SEO landing","ChannelIndustryPage","Channels / Meta Ads","/channels/meta-ads/for/ecommerce/","Meta Ads marketing for ecommerce & d2c","Commercial","Published","Meta Ads; Ecommerce & D2C","Ask about your case","P3"
"Meta Ads for Fitness & Wellness","SEO landing","ChannelIndustryPage","Channels / Meta Ads","/channels/meta-ads/for/fitness-wellness/","Meta Ads marketing for fitness & wellness","Commercial","Published","Meta Ads; Fitness & Wellness","Ask about your case","P3"
"Meta Ads for Education & Training Providers","SEO landing","ChannelIndustryPage","Channels / Meta Ads","/channels/meta-ads/for/education/","Meta Ads marketing for education & training providers","Commercial","Published","Meta Ads; Education & Training Providers","Ask about your case","P3"
"Meta Ads for Beauty & Salons","SEO landing","ChannelIndustryPage","Channels / Meta Ads","/channels/meta-ads/for/beauty-salons/","Meta Ads marketing for beauty & salons","Commercial","Published","Meta Ads; Beauty & Salons","Ask about your case","P3"
"Meta Ads for Hotels & Hospitality","SEO landing","ChannelIndustryPage","Channels / Meta Ads","/channels/meta-ads/for/hospitality/","Meta Ads marketing for hotels & hospitality","Commercial","Published","Meta Ads; Hotels & Hospitality","Ask about your case","P3"
"Pinterest for Ecommerce & D2C","SEO landing","ChannelIndustryPage","Channels / Pinterest","/channels/pinterest/for/ecommerce/","Pinterest marketing for ecommerce & d2c","Commercial","Published","Pinterest; Ecommerce & D2C","Ask about your case","P3"
"Pinterest for Interior Design","SEO landing","ChannelIndustryPage","Channels / Pinterest","/channels/pinterest/for/interior-design/","Pinterest marketing for interior design","Commercial","Published","Pinterest; Interior Design","Ask about your case","P3"
"Pinterest for Events & Weddings","SEO landing","ChannelIndustryPage","Channels / Pinterest","/channels/pinterest/for/events-weddings/","Pinterest marketing for events & weddings","Commercial","Published","Pinterest; Events & Weddings","Ask about your case","P3"
"Pinterest for Food & Beverage Brands","SEO landing","ChannelIndustryPage","Channels / Pinterest","/channels/pinterest/for/food-beverage/","Pinterest marketing for food & beverage brands","Commercial","Published","Pinterest; Food & Beverage Brands","Ask about your case","P3"
"Pinterest for Beauty & Salons","SEO landing","ChannelIndustryPage","Channels / Pinterest","/channels/pinterest/for/beauty-salons/","Pinterest marketing for beauty & salons","Commercial","Published","Pinterest; Beauty & Salons","Ask about your case","P3"
"Podcasts for B2B Services","SEO landing","ChannelIndustryPage","Channels / Podcasts","/channels/podcasts/for/b2b-services/","Podcasts marketing for b2b services","Commercial","Published","Podcasts; B2B Services","Ask about your case","P3"
"Podcasts for Consulting Firms","SEO landing","ChannelIndustryPage","Channels / Podcasts","/channels/podcasts/for/consulting-firms/","Podcasts marketing for consulting firms","Commercial","Published","Podcasts; Consulting Firms","Ask about your case","P3"
"Podcasts for SaaS & Software","SEO landing","ChannelIndustryPage","Channels / Podcasts","/channels/podcasts/for/saas/","Podcasts marketing for saas & software","Commercial","Published","Podcasts; SaaS & Software","Ask about your case","P3"
"Podcasts for Financial Services","SEO landing","ChannelIndustryPage","Channels / Podcasts","/channels/podcasts/for/financial-services/","Podcasts marketing for financial services","Commercial","Published","Podcasts; Financial Services","Ask about your case","P3"
"Podcasts for Education & Training Providers","SEO landing","ChannelIndustryPage","Channels / Podcasts","/channels/podcasts/for/education/","Podcasts marketing for education & training providers","Commercial","Published","Podcasts; Education & Training Providers","Ask about your case","P3"
"Events & Webinars for B2B Services","SEO landing","ChannelIndustryPage","Channels / Events & Webinars","/channels/events-webinars/for/b2b-services/","Events & Webinars marketing for b2b services","Commercial","Published","Events & Webinars; B2B Services","Ask about your case","P3"
"Events & Webinars for SaaS & Software","SEO landing","ChannelIndustryPage","Channels / Events & Webinars","/channels/events-webinars/for/saas/","Events & Webinars marketing for saas & software","Commercial","Published","Events & Webinars; SaaS & Software","Ask about your case","P3"
"Events & Webinars for Education & Training Providers","SEO landing","ChannelIndustryPage","Channels / Events & Webinars","/channels/events-webinars/for/education/","Events & Webinars marketing for education & training providers","Commercial","Published","Events & Webinars; Education & Training Providers","Ask about your case","P3"
"Events & Webinars for Financial Services","SEO landing","ChannelIndustryPage","Channels / Events & Webinars","/channels/events-webinars/for/financial-services/","Events & Webinars marketing for financial services","Commercial","Published","Events & Webinars; Financial Services","Ask about your case","P3"
"Events & Webinars for Professional Services","SEO landing","ChannelIndustryPage","Channels / Events & Webinars","/channels/events-webinars/for/professional-services/","Events & Webinars marketing for professional services","Commercial","Published","Events & Webinars; Professional Services","Ask about your case","P3"